關鍵字,標準症狀,類型,來源,備註
前頭痛,前頭痛,原始症狀,董氏奇穴治療析要,目錄標準詞 identity mapping
前頭痛（眉稜骨痛、鼻骨痛、陽明頭痛）,前頭痛,相關關鍵字,董氏奇穴治療析要,匹配標準症狀原字串
眉稜骨痛,前頭痛,別名,董氏奇穴治療析要,括號內輔助詞
鼻骨痛,前頭痛,別名,董氏奇穴治療析要,括號內輔助詞
陽明頭痛,前頭痛,別名,董氏奇穴治療析要,括號內輔助詞
前頭痛(眉稜骨痛、鼻骨痛、陽明頭痛),前頭痛,原始標題,董氏奇穴治療析要,治療析要目錄症狀原始標題
偏頭痛,偏頭痛,原始症狀,董氏奇穴治療析要,目錄標準詞 identity mapping
頭痛,頭痛,原始症狀,人工校訂,目錄標準詞 identity mapping
偏正頭痛,頭痛,原始症狀,人工校訂,對針主治用詞標準化
後頭痛,後頭痛,原始症狀,董氏奇穴治療析要,目錄標準詞 identity mapping
全頭痛,全頭痛,原始症狀,董氏奇穴治療析要,目錄標準詞 identity mapping
顴骨疼痛,顴骨疼痛,原始症狀,董氏奇穴治療析要,目錄標準詞 identity mapping
三叉神經痛,三叉神經痛,原始症狀,董氏奇穴治療析要,目錄標準詞 identity mapping
耳朵痛,耳朵痛,原始症狀,董氏奇穴治療析要,目錄標準詞 identity mapping
項強痛,項強痛,原始症狀,董氏奇穴治療析要,目錄標準詞 identity mapping
落枕,落枕,原始症狀,董氏奇穴治療析要,目錄標準詞 identity mapping
肩頸痛,肩頸痛,原始症狀,董氏奇穴治療析要,目錄標準詞 identity mapping
肩周炎,肩周炎,原始症狀,董氏奇穴治療析要,目錄標準詞 identity mapping
五十肩,五十肩,原始症狀,董氏奇穴治療析要,目錄標準詞 identity mapping
肩臂不能舉(肩關節周圍炎、五十肩),肩周炎,原始標題,董氏奇穴治療析要,治療析要目錄症狀原始標題
肩臂不能舉(肩關節周圍炎、五十肩),五十肩,原始標題,董氏奇穴治療析要,治療析要目錄症狀原始標題
肩周炎、五十肩,肩周炎,複合詞,董氏奇穴治療析要,頂層頓號拆分前原字串
肩周炎、五十肩,五十肩,複合詞,董氏奇穴治療析要,頂層頓號拆分前原字串
肩關節扭傷,肩關節扭傷,原始症狀,董氏奇穴治療析要,目錄標準詞 identity mapping
肩痛,肩痛,原始症狀,董氏奇穴治療析要,目錄標準詞 identity mapping
上臂痛,上臂痛,原始症狀,董氏奇穴治療析要,目錄標準詞 identity mapping
上臂痛（肩臂痛）,上臂痛,相關關鍵字,董氏奇穴治療析要,匹配標準症狀原字串
肩臂痛,上臂痛,別名,董氏奇穴治療析要,括號內輔助詞
上臂痛(肩臂痛),上臂痛,原始標題,董氏奇穴治療析要,治療析要目錄症狀原始標題
肘關節痛,肘關節痛,原始症狀,董氏奇穴治療析要,目錄標準詞 identity mapping
腕關節痛,腕關節痛,原始症狀,董氏奇穴治療析要,目錄標準詞 identity mapping
橈骨莖突腱鞘炎,橈骨莖突腱鞘炎,原始症狀,董氏奇穴治療析要,目錄標準詞 identity mapping
橈骨莖突腱鞘炎（媽媽手）,橈骨莖突腱鞘炎,相關關鍵字,董氏奇穴治療析要,匹配標準症狀原字串
媽媽手,橈骨莖突腱鞘炎,別名,董氏奇穴治療析要,括號內輔助詞
指關節痛,指關節痛,原始症狀,董氏奇穴治療析要,目錄標準詞 identity mapping
食指痛,食指痛,原始症狀,董氏奇穴治療析要,目錄標準詞 identity mapping
扳機指,扳機指,原始症狀,董氏奇穴治療析要,目錄標準詞 identity mapping
坐骨神經痛,坐骨神經痛,原始症狀,董氏奇穴治療析要,目錄標準詞 identity mapping
腿冷痛,腿冷痛,原始症狀,董氏奇穴治療析要,目錄標準詞 identity mapping
膝蓋痛,膝蓋痛,原始症狀,董氏奇穴治療析要,目錄標準詞 identity mapping
小腿痛,小腿痛,原始症狀,董氏奇穴治療析要,目錄標準詞 identity mapping
小腿脹痛(痠痛),小腿痛,原始標題,董氏奇穴治療析要,治療析要目錄症狀原始標題
腳痛,腳痛,原始症狀,董氏奇穴治療析要,目錄標準詞 identity mapping
七、腳痛,腳痛,原始標題,董氏奇穴治療析要,治療析要目錄症狀原始標題
腳踝扭傷,腳踝扭傷,原始症狀,董氏奇穴治療析要,目錄標準詞 identity mapping
腳趾痛,腳趾痛,原始症狀,董氏奇穴治療析要,目錄標準詞 identity mapping
足跟痛,足跟痛,原始症狀,董氏奇穴治療析要,目錄標準詞 identity mapping
四肢痛,四肢痛,原始症狀,董氏奇穴治療析要,目錄標準詞 identity mapping
胸痛,胸痛,原始症狀,董氏奇穴治療析要,目錄標準詞 identity mapping
胸乳痛,胸痛,原始標題,董氏奇穴治療析要,治療析要目錄症狀原始標題
心痛,心痛,原始症狀,董氏奇穴治療析要,目錄標準詞 identity mapping
心口痛,心痛,原始標題,董氏奇穴治療析要,治療析要目錄症狀原始標題
心兩側痛,心痛,原始標題,董氏奇穴治療析要,治療析要目錄症狀原始標題
胸腹側痛,胸痛,原始標題,董氏奇穴治療析要,治療析要目錄症狀原始標題
胸部打傷,胸痛,原始標題,董氏奇穴治療析要,治療析要目錄症狀原始標題
胸腹部任脈線痛,胸痛,原始標題,董氏奇穴治療析要,治療析要目錄症狀原始標題
胸連背痛,胸痛,原始標題,董氏奇穴治療析要,治療析要目錄症狀原始標題
脅痛,脅痛,原始症狀,董氏奇穴治療析要,目錄標準詞 identity mapping
脅肋痛,脅痛,原始標題,董氏奇穴治療析要,治療析要目錄症狀原始標題
胃痛,胃痛,原始症狀,董氏奇穴治療析要,目錄標準詞 identity mapping
腹痛,腹痛,原始症狀,董氏奇穴治療析要,目錄標準詞 identity mapping
臍周痛,臍周痛,原始症狀,董氏奇穴治療析要,目錄標準詞 identity mapping
肚臍周圍痛,臍周痛,原始標題,董氏奇穴治療析要,治療析要目錄症狀原始標題
腹中絞痛,腹中絞痛,原始症狀,董氏奇穴治療析要,目錄標準詞 identity mapping
腹中絞痛(絞腸痧),腹中絞痛,原始標題,董氏奇穴治療析要,治療析要目錄症狀原始標題
小腹痛,小腹痛,原始症狀,董氏奇穴治療析要,目錄標準詞 identity mapping
下腹脹痛,下腹脹痛,原始症狀,董氏奇穴治療析要,目錄標準詞 identity mapping
背痛,背痛,原始症狀,董氏奇穴治療析要,目錄標準詞 identity mapping
肩背痛,肩背痛,原始症狀,董氏奇穴治療析要,目錄標準詞 identity mapping
下背痛,下背痛,原始症狀,董氏奇穴治療析要,目錄標準詞 identity mapping
背連下腿痛,下背痛,原始標題,董氏奇穴治療析要,治療析要目錄症狀原始標題
脊椎中央痛,脊椎中央痛,原始症狀,董氏奇穴治療析要,目錄標準詞 identity mapping
脊椎壓痛,脊椎壓痛,原始症狀,董氏奇穴治療析要,目錄標準詞 identity mapping
脊椎扭挫傷,脊椎扭挫傷,原始症狀,董氏奇穴治療析要,目錄標準詞 identity mapping
脊椎扭挫傷(脊椎骨閃痛),脊椎扭挫傷,原始標題,董氏奇穴治療析要,治療析要目錄症狀原始標題
慢性腰痛,慢性腰痛,原始症狀,董氏奇穴治療析要,目錄標準詞 identity mapping
腰痛(慢性腰痛),慢性腰痛,原始標題,董氏奇穴治療析要,治療析要目錄症狀原始標題
腎虛腰痛,腎虛腰痛,原始症狀,董氏奇穴治療析要,目錄標準詞 identity mapping
閃腰盆氣,閃腰盆氣,原始症狀,董氏奇穴治療析要,目錄標準詞 identity mapping
尾椎痛,尾椎痛,原始症狀,董氏奇穴治療析要,目錄標準詞 identity mapping
感冒,感冒,原始症狀,董氏奇穴治療析要,目錄標準詞 identity mapping
發燒,發燒,原始症狀,董氏奇穴治療析要,目錄標準詞 identity mapping
高熱,發燒,原始標題,董氏奇穴治療析要,治療析要目錄症狀原始標題
咳嗽,咳嗽,原始症狀,董氏奇穴治療析要,目錄標準詞 identity mapping
咳嗽（支氣管炎）,咳嗽,相關關鍵字,董氏奇穴治療析要,匹配標準症狀原字串
支氣管炎,咳嗽,別名,董氏奇穴治療析要,括號內輔助詞
咳嗽(支氣管炎),咳嗽,原始標題,董氏奇穴治療析要,治療析要目錄症狀原始標題
氣喘,氣喘,原始症狀,董氏奇穴治療析要,目錄標準詞 identity mapping
肺炎,肺炎,原始症狀,董氏奇穴治療析要,目錄標準詞 identity mapping
心臟病,心臟病,原始症狀,董氏奇穴治療析要,目錄標準詞 identity mapping
心臟病（冠心病）,心臟病,相關關鍵字,董氏奇穴治療析要,匹配標準症狀原字串
冠心病,心臟病,別名,董氏奇穴治療析要,括號內輔助詞
心臟病(冠心病),心臟病,原始標題,董氏奇穴治療析要,治療析要目錄症狀原始標題
心臟麻痺,心臟麻痺,原始症狀,董氏奇穴治療析要,目錄標準詞 identity mapping
真心痛,真心痛,原始症狀,董氏奇穴治療析要,目錄標準詞 identity mapping
胸悶,胸悶,原始症狀,董氏奇穴治療析要,目錄標準詞 identity mapping
心悸,心悸,原始症狀,董氏奇穴治療析要,目錄標準詞 identity mapping
心律不整,心律不整,原始症狀,董氏奇穴治療析要,目錄標準詞 identity mapping
心律失常,心律不整,原始標題,董氏奇穴治療析要,治療析要目錄症狀原始標題
病毒性心肌炎,病毒性心肌炎,原始症狀,董氏奇穴治療析要,目錄標準詞 identity mapping
心臟血管硬化,心臟血管硬化,原始症狀,董氏奇穴治療析要,目錄標準詞 identity mapping
白血球過少,白血球過少,原始症狀,董氏奇穴治療析要,目錄標準詞 identity mapping
白細胞過少,白血球過少,原始標題,董氏奇穴治療析要,治療析要目錄症狀原始標題
白血球過多,白血球過多,原始症狀,董氏奇穴治療析要,目錄標準詞 identity mapping
白細胞過多,白血球過多,原始標題,董氏奇穴治療析要,治療析要目錄症狀原始標題
貧血,貧血,原始症狀,董氏奇穴治療析要,目錄標準詞 identity mapping
其他血液病,其他血液病,原始症狀,董氏奇穴治療析要,目錄標準詞 identity mapping
胃病,胃病,原始症狀,董氏奇穴治療析要,目錄標準詞 identity mapping
胃炎,胃炎,原始症狀,董氏奇穴治療析要,目錄標準詞 identity mapping
胃酸過多,胃酸過多,原始症狀,董氏奇穴治療析要,目錄標準詞 identity mapping
消化性潰瘍,消化性潰瘍,原始症狀,董氏奇穴治療析要,目錄標準詞 identity mapping
消化性潰瘍（胃潰瘍、十二指腸潰瘍）,消化性潰瘍,相關關鍵字,董氏奇穴治療析要,匹配標準症狀原字串
胃潰瘍,消化性潰瘍,別名,董氏奇穴治療析要,括號內輔助詞
十二指腸潰瘍,消化性潰瘍,別名,董氏奇穴治療析要,括號內輔助詞
消化性潰瘍(胃、十二指腸潰瘍),消化性潰瘍,原始標題,董氏奇穴治療析要,治療析要目錄症狀原始標題
嘔吐,嘔吐,原始症狀,董氏奇穴治療析要,目錄標準詞 identity mapping
食慾不振,食慾不振,原始症狀,董氏奇穴治療析要,目錄標準詞 identity mapping
急性腸胃炎,急性腸胃炎,原始症狀,董氏奇穴治療析要,目錄標準詞 identity mapping
黃疸,黃疸,原始症狀,董氏奇穴治療析要,目錄標準詞 identity mapping
肝炎,肝炎,原始症狀,董氏奇穴治療析要,目錄標準詞 identity mapping
肝硬化,肝硬化,原始症狀,董氏奇穴治療析要,目錄標準詞 identity mapping
膽囊炎,膽囊炎,原始症狀,董氏奇穴治療析要,目錄標準詞 identity mapping
膽結石,膽結石,原始症狀,董氏奇穴治療析要,目錄標準詞 identity mapping
膽石症,膽結石,原始標題,董氏奇穴治療析要,治療析要目錄症狀原始標題
脾腫大,脾腫大,原始症狀,董氏奇穴治療析要,目錄標準詞 identity mapping
腎炎,腎炎,原始症狀,董氏奇穴治療析要,目錄標準詞 identity mapping
四肢浮腫,四肢浮腫,原始症狀,董氏奇穴治療析要,目錄標準詞 identity mapping
腎結石,腎結石,原始症狀,董氏奇穴治療析要,目錄標準詞 identity mapping
膀胱結石,膀胱結石,原始症狀,董氏奇穴治療析要,目錄標準詞 identity mapping
尿道結石,尿道結石,原始症狀,董氏奇穴治療析要,目錄標準詞 identity mapping
小便癃閉,小便癃閉,原始症狀,董氏奇穴治療析要,目錄標準詞 identity mapping
尿滯留,尿滯留,原始症狀,董氏奇穴治療析要,目錄標準詞 identity mapping
小便癃閉(尿滯留),小便癃閉,原始標題,董氏奇穴治療析要,治療析要目錄症狀原始標題
小便癃閉(尿滯留),尿滯留,原始標題,董氏奇穴治療析要,治療析要目錄症狀原始標題
小便癃閉、尿滯留,小便癃閉,複合詞,董氏奇穴治療析要,頂層頓號拆分前原字串
小便癃閉、尿滯留,尿滯留,複合詞,董氏奇穴治療析要,頂層頓號拆分前原字串
小便不利,小便不利,原始症狀,董氏奇穴治療析要,目錄標準詞 identity mapping
膀胱炎,膀胱炎,原始症狀,董氏奇穴治療析要,目錄標準詞 identity mapping
尿道炎,尿道炎,原始症狀,董氏奇穴治療析要,目錄標準詞 identity mapping
小便不利(膀胱炎、尿道炎),小便不利,原始標題,董氏奇穴治療析要,治療析要目錄症狀原始標題
小便不利(膀胱炎、尿道炎),膀胱炎,原始標題,董氏奇穴治療析要,治療析要目錄症狀原始標題
小便不利(膀胱炎、尿道炎),尿道炎,原始標題,董氏奇穴治療析要,治療析要目錄症狀原始標題
小便不利、膀胱炎、尿道炎,小便不利,複合詞,董氏奇穴治療析要,頂層頓號拆分前原字串
小便不利、膀胱炎、尿道炎,膀胱炎,複合詞,董氏奇穴治療析要,頂層頓號拆分前原字串
小便不利、膀胱炎、尿道炎,尿道炎,複合詞,董氏奇穴治療析要,頂層頓號拆分前原字串
尿意頻數,尿意頻數,原始症狀,董氏奇穴治療析要,目錄標準詞 identity mapping
淋病,淋病,原始症狀,董氏奇穴治療析要,目錄標準詞 identity mapping
小便出血,小便出血,原始症狀,董氏奇穴治療析要,目錄標準詞 identity mapping
急性腹瀉,急性腹瀉,原始症狀,董氏奇穴治療析要,目錄標準詞 identity mapping
慢性腹瀉,慢性腹瀉,原始症狀,董氏奇穴治療析要,目錄標準詞 identity mapping
小腹脹,小腹脹,原始症狀,董氏奇穴治療析要,目錄標準詞 identity mapping
便秘,便秘,原始症狀,董氏奇穴治療析要,目錄標準詞 identity mapping
闌尾炎,闌尾炎,原始症狀,董氏奇穴治療析要,目錄標準詞 identity mapping
疝氣,疝氣,原始症狀,董氏奇穴治療析要,目錄標準詞 identity mapping
小腸疝氣,疝氣,原始標題,董氏奇穴治療析要,治療析要目錄症狀原始標題
睪丸炎,睪丸炎,原始症狀,董氏奇穴治療析要,目錄標準詞 identity mapping
遺精,遺精,原始症狀,董氏奇穴治療析要,目錄標準詞 identity mapping
陽痿,陽痿,原始症狀,董氏奇穴治療析要,目錄標準詞 identity mapping
早洩,早洩,原始症狀,董氏奇穴治療析要,目錄標準詞 identity mapping
陽痿、早洩(男子性功能障礙),陽痿,原始標題,董氏奇穴治療析要,治療析要目錄症狀原始標題
陽痿、早洩(男子性功能障礙),早洩,原始標題,董氏奇穴治療析要,治療析要目錄症狀原始標題
陽痿、早洩,陽痿,複合詞,董氏奇穴治療析要,頂層頓號拆分前原字串
陽痿、早洩,早洩,複合詞,董氏奇穴治療析要,頂層頓號拆分前原字串
失眠,失眠,原始症狀,董氏奇穴治療析要,目錄標準詞 identity mapping
失眠症,失眠,原始標題,董氏奇穴治療析要,治療析要目錄症狀原始標題
癲癇,癲癇,原始症狀,董氏奇穴治療析要,目錄標準詞 identity mapping
精神病,精神病,原始症狀,董氏奇穴治療析要,目錄標準詞 identity mapping
高血壓,高血壓,原始症狀,董氏奇穴治療析要,目錄標準詞 identity mapping
中風,中風,原始症狀,董氏奇穴治療析要,目錄標準詞 identity mapping
中風昏迷症,中風,原始標題,董氏奇穴治療析要,治療析要目錄症狀原始標題
中風後遺症,中風後遺症,原始症狀,董氏奇穴治療析要,目錄標準詞 identity mapping
半身不遂(中風後遺症),中風後遺症,原始標題,董氏奇穴治療析要,治療析要目錄症狀原始標題
中風失語症,中風失語症,原始症狀,董氏奇穴治療析要,目錄標準詞 identity mapping
中風舌強不語(失語症),中風失語症,原始標題,董氏奇穴治療析要,治療析要目錄症狀原始標題
中風痙攣,中風痙攣,原始症狀,董氏奇穴治療析要,目錄標準詞 identity mapping
中風手拘攣(痙攣),中風痙攣,原始標題,董氏奇穴治療析要,治療析要目錄症狀原始標題
帕金森症,帕金森症,原始症狀,董氏奇穴治療析要,目錄標準詞 identity mapping
四肢發抖(帕金森症),帕金森症,原始標題,董氏奇穴治療析要,治療析要目錄症狀原始標題
糖尿病,糖尿病,原始症狀,董氏奇穴治療析要,目錄標準詞 identity mapping
眩暈,眩暈,原始症狀,董氏奇穴治療析要,目錄標準詞 identity mapping
暈眩,眩暈,原始標題,董氏奇穴治療析要,治療析要目錄症狀原始標題
神經衰弱,神經衰弱,原始症狀,董氏奇穴治療析要,目錄標準詞 identity mapping
腦膜炎,腦膜炎,原始症狀,董氏奇穴治療析要,目錄標準詞 identity mapping
腦瘤,腦瘤,原始症狀,董氏奇穴治療析要,目錄標準詞 identity mapping
腦積水,腦積水,原始症狀,董氏奇穴治療析要,目錄標準詞 identity mapping
面神經麻痺,面神經麻痺,原始症狀,董氏奇穴治療析要,目錄標準詞 identity mapping
面癱,面神經麻痺,原始症狀,董氏奇穴治療析要,目錄標準詞 identity mapping
面癱（Bell's palsy）,面神經麻痺,相關關鍵字,董氏奇穴治療析要,匹配標準症狀原字串
Bell's palsy,面神經麻痺,別名,董氏奇穴治療析要,括號內輔助詞
口歪眼斜,面神經麻痺,原始標題,董氏奇穴治療析要,治療析要目錄症狀原始標題
口歪眼斜,面神經麻痺,原始標題,董氏奇穴治療析要,治療析要目錄症狀原始標題
面神經麻痺、面癱（Bell's palsy）,面神經麻痺,複合詞,董氏奇穴治療析要,頂層頓號拆分前原字串
面神經麻痺、面癱（Bell's palsy）,面神經麻痺,複合詞,董氏奇穴治療析要,頂層頓號拆分前原字串
面麻,面麻,原始症狀,董氏奇穴治療析要,目錄標準詞 identity mapping
顏面神經抽搐,顏面神經抽搐,原始症狀,董氏奇穴治療析要,目錄標準詞 identity mapping
顏面神經抽掣(痙攣及震顫),顏面神經抽搐,原始標題,董氏奇穴治療析要,治療析要目錄症狀原始標題
瘰癧,瘰癧,原始症狀,董氏奇穴治療析要,目錄標準詞 identity mapping
甲狀腺腫大,甲狀腺腫大,原始症狀,董氏奇穴治療析要,目錄標準詞 identity mapping
甲狀腺眼突,甲狀腺眼突,原始症狀,董氏奇穴治療析要,目錄標準詞 identity mapping
頸項皮膚病,頸項皮膚病,原始症狀,董氏奇穴治療析要,目錄標準詞 identity mapping
痄腮,痄腮,原始症狀,董氏奇穴治療析要,目錄標準詞 identity mapping
痄腮(腮腺炎),痄腮,相關關鍵字,董氏奇穴治療析要,匹配標準症狀原字串
腮腺炎,痄腮,別名,董氏奇穴治療析要,括號內輔助詞
痄腮(腮腺炎),痄腮,原始標題,董氏奇穴治療析要,治療析要目錄症狀原始標題
視力模糊,視力模糊,原始症狀,董氏奇穴治療析要,目錄標準詞 identity mapping
麥粒腫,麥粒腫,原始症狀,董氏奇穴治療析要,目錄標準詞 identity mapping
結膜炎,結膜炎,原始症狀,董氏奇穴治療析要,目錄標準詞 identity mapping
角膜炎,角膜炎,原始症狀,董氏奇穴治療析要,目錄標準詞 identity mapping
目赤(結膜炎、角膜炎),結膜炎,原始標題,董氏奇穴治療析要,治療析要目錄症狀原始標題
目赤(結膜炎、角膜炎),角膜炎,原始標題,董氏奇穴治療析要,治療析要目錄症狀原始標題
結膜炎、角膜炎,結膜炎,複合詞,董氏奇穴治療析要,頂層頓號拆分前原字串
結膜炎、角膜炎,角膜炎,複合詞,董氏奇穴治療析要,頂層頓號拆分前原字串
乾眼,乾眼,原始症狀,董氏奇穴治療析要,目錄標準詞 identity mapping
目乾澀(乾眼症),乾眼,原始標題,董氏奇穴治療析要,治療析要目錄症狀原始標題
溢淚,溢淚,原始症狀,董氏奇穴治療析要,目錄標準詞 identity mapping
溢淚(迎風流淚),溢淚,原始標題,董氏奇穴治療析要,治療析要目錄症狀原始標題
眼瞼下垂,眼瞼下垂,原始症狀,董氏奇穴治療析要,目錄標準詞 identity mapping
兩眼睜不開(上瞼下垂),眼瞼下垂,原始標題,董氏奇穴治療析要,治療析要目錄症狀原始標題
散光,散光,原始症狀,董氏奇穴治療析要,目錄標準詞 identity mapping
眼球歪斜,眼球歪斜,原始症狀,董氏奇穴治療析要,目錄標準詞 identity mapping
複視,複視,原始症狀,董氏奇穴治療析要,目錄標準詞 identity mapping
眼球歪斜及複視,眼球歪斜,原始標題,董氏奇穴治療析要,治療析要目錄症狀原始標題
眼球歪斜及複視,複視,原始標題,董氏奇穴治療析要,治療析要目錄症狀原始標題
眼球歪斜、複視,眼球歪斜,複合詞,董氏奇穴治療析要,頂層頓號拆分前原字串
眼球歪斜、複視,複視,複合詞,董氏奇穴治療析要,頂層頓號拆分前原字串
青光眼,青光眼,原始症狀,董氏奇穴治療析要,目錄標準詞 identity mapping
飛蚊症,飛蚊症,原始症狀,董氏奇穴治療析要,目錄標準詞 identity mapping
其他眼病,其他眼病,原始症狀,董氏奇穴治療析要,目錄標準詞 identity mapping
鼻乾及流涕,鼻乾及流涕,原始症狀,董氏奇穴治療析要,目錄標準詞 identity mapping
鼻塞,鼻塞,原始症狀,董氏奇穴治療析要,目錄標準詞 identity mapping
過敏性鼻炎,過敏性鼻炎,原始症狀,董氏奇穴治療析要,目錄標準詞 identity mapping
鼻淵,鼻淵,原始症狀,董氏奇穴治療析要,目錄標準詞 identity mapping
鼻涕倒流,鼻涕倒流,原始症狀,董氏奇穴治療析要,目錄標準詞 identity mapping
鼻蓄膿症(鼻淵、鼻涕倒流),鼻淵,原始標題,董氏奇穴治療析要,治療析要目錄症狀原始標題
鼻蓄膿症(鼻淵、鼻涕倒流),鼻涕倒流,原始標題,董氏奇穴治療析要,治療析要目錄症狀原始標題
鼻淵、鼻涕倒流,鼻淵,複合詞,董氏奇穴治療析要,頂層頓號拆分前原字串
鼻淵、鼻涕倒流,鼻涕倒流,複合詞,董氏奇穴治療析要,頂層頓號拆分前原字串
酒渣鼻,酒渣鼻,原始症狀,董氏奇穴治療析要,目錄標準詞 identity mapping
流鼻血,流鼻血,原始症狀,董氏奇穴治療析要,目錄標準詞 identity mapping
鼻衄,鼻衄,原始症狀,董氏奇穴治療析要,目錄標準詞 identity mapping
流鼻血(鼻衄),流鼻血,原始標題,董氏奇穴治療析要,治療析要目錄症狀原始標題
流鼻血(鼻衄),鼻衄,原始標題,董氏奇穴治療析要,治療析要目錄症狀原始標題
流鼻血、鼻衄,流鼻血,複合詞,董氏奇穴治療析要,頂層頓號拆分前原字串
流鼻血、鼻衄,鼻衄,複合詞,董氏奇穴治療析要,頂層頓號拆分前原字串
中耳炎,中耳炎,原始症狀,董氏奇穴治療析要,目錄標準詞 identity mapping
耳脹,耳脹,原始症狀,董氏奇穴治療析要,目錄標準詞 identity mapping
耳內脹,耳脹,原始標題,董氏奇穴治療析要,治療析要目錄症狀原始標題
耳鳴,耳鳴,原始症狀,董氏奇穴治療析要,目錄標準詞 identity mapping
聾啞,聾啞,原始症狀,董氏奇穴治療析要,目錄標準詞 identity mapping
顳頜關節紊亂,顳頜關節紊亂,原始症狀,董氏奇穴治療析要,目錄標準詞 identity mapping
顳頜關節紊亂（TMJ、TMD、temporomandibular joint disorder、temporomandibular disorders）,顳頜關節紊亂,相關關鍵字,董氏奇穴治療析要,匹配標準症狀原字串
TMJ,顳頜關節紊亂,別名,董氏奇穴治療析要,括號內輔助詞
TMD,顳頜關節紊亂,別名,董氏奇穴治療析要,括號內輔助詞
temporomandibular joint disorder,顳頜關節紊亂,別名,董氏奇穴治療析要,括號內輔助詞
temporomandibular disorders,顳頜關節紊亂,別名,董氏奇穴治療析要,括號內輔助詞
下頜骨痛(口不能張、顳頜關節紊亂症),顳頜關節紊亂,原始標題,董氏奇穴治療析要,治療析要目錄症狀原始標題
舌下腫,舌下腫,原始症狀,董氏奇穴治療析要,目錄標準詞 identity mapping
口瘡,口瘡,原始症狀,董氏奇穴治療析要,目錄標準詞 identity mapping
口內生瘡(口腔潰瘍),口瘡,原始標題,董氏奇穴治療析要,治療析要目錄症狀原始標題
牙痛,牙痛,原始症狀,董氏奇穴治療析要,目錄標準詞 identity mapping
喉痛,喉痛,原始症狀,董氏奇穴治療析要,目錄標準詞 identity mapping
喉炎,喉炎,原始症狀,董氏奇穴治療析要,目錄標準詞 identity mapping
喉痛(喉炎),喉痛,原始標題,董氏奇穴治療析要,治療析要目錄症狀原始標題
喉痛(喉炎),喉炎,原始標題,董氏奇穴治療析要,治療析要目錄症狀原始標題
喉痛、喉炎,喉痛,複合詞,董氏奇穴治療析要,頂層頓號拆分前原字串
喉痛、喉炎,喉炎,複合詞,董氏奇穴治療析要,頂層頓號拆分前原字串
魚骨刺喉,魚骨刺喉,原始症狀,董氏奇穴治療析要,目錄標準詞 identity mapping
梅核氣,梅核氣,原始症狀,董氏奇穴治療析要,目錄標準詞 identity mapping
失音,失音,原始症狀,董氏奇穴治療析要,目錄標準詞 identity mapping
經痛,經痛,原始症狀,董氏奇穴治療析要,目錄標準詞 identity mapping
痛經,經痛,原始標題,董氏奇穴治療析要,治療析要目錄症狀原始標題
崩漏,崩漏,原始症狀,董氏奇穴治療析要,目錄標準詞 identity mapping
月經不調,月經不調,原始症狀,董氏奇穴治療析要,目錄標準詞 identity mapping
月經不調及閉經,月經不調,原始標題,董氏奇穴治療析要,治療析要目錄症狀原始標題
赤白帶,赤白帶,原始症狀,董氏奇穴治療析要,目錄標準詞 identity mapping
陰腫,陰腫,原始症狀,董氏奇穴治療析要,目錄標準詞 identity mapping
子宮炎,子宮炎,原始症狀,董氏奇穴治療析要,目錄標準詞 identity mapping
陰道炎,陰道炎,原始症狀,董氏奇穴治療析要,目錄標準詞 identity mapping
子宮炎(陰道炎),子宮炎,原始標題,董氏奇穴治療析要,治療析要目錄症狀原始標題
子宮炎(陰道炎),陰道炎,原始標題,董氏奇穴治療析要,治療析要目錄症狀原始標題
子宮炎、陰道炎,子宮炎,複合詞,董氏奇穴治療析要,頂層頓號拆分前原字串
子宮炎、陰道炎,陰道炎,複合詞,董氏奇穴治療析要,頂層頓號拆分前原字串
子宮肌瘤,子宮肌瘤,原始症狀,董氏奇穴治療析要,目錄標準詞 identity mapping
輸卵管不通,輸卵管不通,原始症狀,董氏奇穴治療析要,目錄標準詞 identity mapping
久年不孕,久年不孕,原始症狀,董氏奇穴治療析要,目錄標準詞 identity mapping
難產,難產,原始症狀,董氏奇穴治療析要,目錄標準詞 identity mapping
兒科,兒科,原始症狀,董氏奇穴治療析要,目錄標準詞 identity mapping
皮膚病,皮膚病,原始症狀,董氏奇穴治療析要,目錄標準詞 identity mapping
皮膚敏感,皮膚敏感,原始症狀,董氏奇穴治療析要,目錄標準詞 identity mapping
牛皮癬,牛皮癬,原始症狀,董氏奇穴治療析要,目錄標準詞 identity mapping
青春痘,青春痘,原始症狀,董氏奇穴治療析要,目錄標準詞 identity mapping
蕁麻疹,蕁麻疹,原始症狀,董氏奇穴治療析要,目錄標準詞 identity mapping
風疹,風疹,原始症狀,董氏奇穴治療析要,目錄標準詞 identity mapping
風疹塊(蕁麻疹),蕁麻疹,原始標題,董氏奇穴治療析要,治療析要目錄症狀原始標題
風疹塊(蕁麻疹),風疹,原始標題,董氏奇穴治療析要,治療析要目錄症狀原始標題
蕁麻疹、風疹,蕁麻疹,複合詞,董氏奇穴治療析要,頂層頓號拆分前原字串
蕁麻疹、風疹,風疹,複合詞,董氏奇穴治療析要,頂層頓號拆分前原字串
溼疹,溼疹,原始症狀,董氏奇穴治療析要,目錄標準詞 identity mapping
異位性皮炎,異位性皮炎,原始症狀,董氏奇穴治療析要,目錄標準詞 identity mapping
其他皮膚病,其他皮膚病,原始症狀,董氏奇穴治療析要,目錄標準詞 identity mapping
痔瘡,痔瘡,原始症狀,董氏奇穴治療析要,目錄標準詞 identity mapping
手指麻,手指麻,原始症狀,董氏奇穴治療析要,目錄標準詞 identity mapping
手抽筋,手抽筋,原始症狀,董氏奇穴治療析要,目錄標準詞 identity mapping
兩手拘攣,兩手拘攣,原始症狀,董氏奇穴治療析要,目錄標準詞 identity mapping
腳抽筋,腳抽筋,原始症狀,董氏奇穴治療析要,目錄標準詞 identity mapping
腳痠軟脹,腳痠軟脹,原始症狀,董氏奇穴治療析要,目錄標準詞 identity mapping
腳痠軟、發脹,腳痠軟脹,原始標題,董氏奇穴治療析要,治療析要目錄症狀原始標題
腿無力,腿無力,原始症狀,董氏奇穴治療析要,目錄標準詞 identity mapping
腿軟無力,腿無力,原始標題,董氏奇穴治療析要,治療析要目錄症狀原始標題
腳趾麻,腳趾麻,原始症狀,董氏奇穴治療析要,目錄標準詞 identity mapping
手腳麻及麻痺,手腳麻及麻痺,原始症狀,董氏奇穴治療析要,目錄標準詞 identity mapping
四肢顫抖,四肢顫抖,原始症狀,董氏奇穴治療析要,目錄標準詞 identity mapping
脊椎側彎,脊椎側彎,原始症狀,董氏奇穴治療析要,目錄標準詞 identity mapping
脊椎畸形(脊柱側彎),脊椎側彎,原始標題,董氏奇穴治療析要,治療析要目錄症狀原始標題
脊椎骨刺,脊椎骨刺,原始症狀,董氏奇穴治療析要,目錄標準詞 identity mapping
酒醉,酒醉,原始症狀,董氏奇穴治療析要,目錄標準詞 identity mapping
解暈針,解暈針,原始症狀,董氏奇穴治療析要,目錄標準詞 identity mapping
解氣血錯亂,解氣血錯亂,原始症狀,董氏奇穴治療析要,目錄標準詞 identity mapping
昏迷,昏迷,原始症狀,董氏奇穴治療析要,目錄標準詞 identity mapping
脂肪瘤,脂肪瘤,原始症狀,董氏奇穴治療析要,目錄標準詞 identity mapping
磨牙,磨牙,原始症狀,董氏奇穴治療析要,目錄標準詞 identity mapping
睡眠中咬牙,磨牙,原始標題,董氏奇穴治療析要,治療析要目錄症狀原始標題
疲勞,疲勞,原始症狀,董氏奇穴治療析要,目錄標準詞 identity mapping
解毒,解毒,原始症狀,董氏奇穴治療析要,目錄標準詞 identity mapping
前頭痛（眉稜骨痛、鼻骨痛、陽明頭痛）,前頭痛（眉稜骨痛、鼻骨痛、陽明頭痛）,抽取詞,董氏奇穴治療析要,待人工映射到目錄標準詞；暫以自身保留搜尋命中
肩臂不能舉（肩關節周圍炎、五十肩）,肩臂不能舉（肩關節周圍炎、五十肩）,抽取詞,董氏奇穴治療析要,待人工映射到目錄標準詞；暫以自身保留搜尋命中
上臂痛（肩臂痛）,上臂痛（肩臂痛）,抽取詞,董氏奇穴治療析要,待人工映射到目錄標準詞；暫以自身保留搜尋命中
胸連背痛,胸連背痛,抽取詞,董氏奇穴治療析要,待人工映射到目錄標準詞；暫以自身保留搜尋命中
肚臍周圍痛,肚臍周圍痛,抽取詞,董氏奇穴治療析要,待人工映射到目錄標準詞；暫以自身保留搜尋命中
背連下腿痛,背連下腿痛,抽取詞,董氏奇穴治療析要,待人工映射到目錄標準詞；暫以自身保留搜尋命中
高熱,高熱,抽取詞,董氏奇穴治療析要,待人工映射到目錄標準詞；暫以自身保留搜尋命中
咳嗽（支氣管炎）,咳嗽（支氣管炎）,抽取詞,董氏奇穴治療析要,待人工映射到目錄標準詞；暫以自身保留搜尋命中
白細胞過少,白細胞過少,抽取詞,董氏奇穴治療析要,待人工映射到目錄標準詞；暫以自身保留搜尋命中
消化性潰瘍（胃、十二指腸潰瘍）,消化性潰瘍（胃、十二指腸潰瘍）,抽取詞,董氏奇穴治療析要,待人工映射到目錄標準詞；暫以自身保留搜尋命中
膽石症,膽石症,抽取詞,董氏奇穴治療析要,待人工映射到目錄標準詞；暫以自身保留搜尋命中
小便不利（膀胱炎、尿道炎）,小便不利（膀胱炎、尿道炎）,抽取詞,董氏奇穴治療析要,待人工映射到目錄標準詞；暫以自身保留搜尋命中
中風昏迷症,中風昏迷症,抽取詞,董氏奇穴治療析要,待人工映射到目錄標準詞；暫以自身保留搜尋命中
半身不遂（中風後遺症）,半身不遂（中風後遺症）,抽取詞,董氏奇穴治療析要,待人工映射到目錄標準詞；暫以自身保留搜尋命中
中風舌強不語（失語症）,中風舌強不語（失語症）,抽取詞,董氏奇穴治療析要,待人工映射到目錄標準詞；暫以自身保留搜尋命中
口歪眼斜,口歪眼斜,抽取詞,董氏奇穴治療析要,待人工映射到目錄標準詞；暫以自身保留搜尋命中
顏面神經抽掣（痙攣及震顫）,顏面神經抽掣（痙攣及震顫）,抽取詞,董氏奇穴治療析要,待人工映射到目錄標準詞；暫以自身保留搜尋命中
目赤（結膜炎、角膜炎）,目赤（結膜炎、角膜炎）,抽取詞,董氏奇穴治療析要,待人工映射到目錄標準詞；暫以自身保留搜尋命中
兩眼睜不開（上瞼下垂）,兩眼睜不開（上瞼下垂）,抽取詞,董氏奇穴治療析要,待人工映射到目錄標準詞；暫以自身保留搜尋命中
鼻幹及流涕,鼻幹及流涕,抽取詞,董氏奇穴治療析要,待人工映射到目錄標準詞；暫以自身保留搜尋命中
流鼻血（鼻衄）,流鼻血（鼻衄）,抽取詞,董氏奇穴治療析要,待人工映射到目錄標準詞；暫以自身保留搜尋命中
耳內脹,耳內脹,抽取詞,董氏奇穴治療析要,待人工映射到目錄標準詞；暫以自身保留搜尋命中
下頜骨痛（口不能張、顳頜關節紊亂症）,下頜骨痛（口不能張、顳頜關節紊亂症）,抽取詞,董氏奇穴治療析要,待人工映射到目錄標準詞；暫以自身保留搜尋命中
口內生瘡（口腔潰瘍）,口內生瘡（口腔潰瘍）,抽取詞,董氏奇穴治療析要,待人工映射到目錄標準詞；暫以自身保留搜尋命中
喉痛（喉炎）,喉痛（喉炎）,抽取詞,董氏奇穴治療析要,待人工映射到目錄標準詞；暫以自身保留搜尋命中
痛經,痛經,抽取詞,董氏奇穴治療析要,待人工映射到目錄標準詞；暫以自身保留搜尋命中
風疹塊（蕁麻疹）,風疹塊（蕁麻疹）,抽取詞,董氏奇穴治療析要,待人工映射到目錄標準詞；暫以自身保留搜尋命中
腿軟無力,腿軟無力,抽取詞,董氏奇穴治療析要,待人工映射到目錄標準詞；暫以自身保留搜尋命中
一般疲勞,一般疲勞,抽取詞,董氏奇穴治療析要,待人工映射到目錄標準詞；暫以自身保留搜尋命中
三叉神經痛、震顫,三叉神經痛、震顫,抽取詞,董氏奇穴治療析要,待人工映射到目錄標準詞；暫以自身保留搜尋命中
三叉神經痛和顴骨面部的震顫,三叉神經痛和顴骨面部的震顫,抽取詞,董氏奇穴治療析要,待人工映射到目錄標準詞；暫以自身保留搜尋命中
上吐下瀉,上吐下瀉,抽取詞,董氏奇穴治療析要,待人工映射到目錄標準詞；暫以自身保留搜尋命中
上牙痛,上牙痛,抽取詞,董氏奇穴治療析要,待人工映射到目錄標準詞；暫以自身保留搜尋命中
上部發得多的蕁麻疹,上部發得多的蕁麻疹,抽取詞,董氏奇穴治療析要,待人工映射到目錄標準詞；暫以自身保留搜尋命中
下牙痛,下牙痛,抽取詞,董氏奇穴治療析要,待人工映射到目錄標準詞；暫以自身保留搜尋命中
下肢麻痺,下肢麻痺,抽取詞,董氏奇穴治療析要,待人工映射到目錄標準詞；暫以自身保留搜尋命中
下部發得多的蕁麻疹,下部發得多的蕁麻疹,抽取詞,董氏奇穴治療析要,待人工映射到目錄標準詞；暫以自身保留搜尋命中
不松則痛,不松則痛,抽取詞,董氏奇穴治療析要,待人工映射到目錄標準詞；暫以自身保留搜尋命中
不能排卵,不能排卵,抽取詞,董氏奇穴治療析要,待人工映射到目錄標準詞；暫以自身保留搜尋命中
嚴重頭暈、噁心嘔吐（如梅尼埃病）,嚴重頭暈、噁心嘔吐（如梅尼埃病）,抽取詞,董氏奇穴治療析要,待人工映射到目錄標準詞；暫以自身保留搜尋命中
中耳炎流膿,中耳炎流膿,抽取詞,董氏奇穴治療析要,待人工映射到目錄標準詞；暫以自身保留搜尋命中
中風病,中風病,抽取詞,董氏奇穴治療析要,待人工映射到目錄標準詞；暫以自身保留搜尋命中
中風手拘攣（痙攣）,中風手拘攣（痙攣）,抽取詞,董氏奇穴治療析要,待人工映射到目錄標準詞；暫以自身保留搜尋命中
久年淋病,久年淋病,抽取詞,董氏奇穴治療析要,待人工映射到目錄標準詞；暫以自身保留搜尋命中
習慣性便秘,習慣性便秘,抽取詞,董氏奇穴治療析要,待人工映射到目錄標準詞；暫以自身保留搜尋命中
五官病,五官病,抽取詞,董氏奇穴治療析要,待人工映射到目錄標準詞；暫以自身保留搜尋命中
五官症狀,五官症狀,抽取詞,董氏奇穴治療析要,待人工映射到目錄標準詞；暫以自身保留搜尋命中
全身發癢,全身發癢,抽取詞,董氏奇穴治療析要,待人工映射到目錄標準詞；暫以自身保留搜尋命中
全身無力,全身無力,抽取詞,董氏奇穴治療析要,待人工映射到目錄標準詞；暫以自身保留搜尋命中
全身骨腫,全身骨腫,抽取詞,董氏奇穴治療析要,待人工映射到目錄標準詞；暫以自身保留搜尋命中
出血遷延不止,出血遷延不止,抽取詞,董氏奇穴治療析要,待人工映射到目錄標準詞；暫以自身保留搜尋命中
前肚子很痛，大便完了馬上就舒服了,前肚子很痛，大便完了馬上就舒服了,抽取詞,董氏奇穴治療析要,待人工映射到目錄標準詞；暫以自身保留搜尋命中
前臂痛,前臂痛,抽取詞,董氏奇穴治療析要,待人工映射到目錄標準詞；暫以自身保留搜尋命中
半身不遂,半身不遂,抽取詞,董氏奇穴治療析要,待人工映射到目錄標準詞；暫以自身保留搜尋命中
半面神經麻痺、四肢無力,半面神經麻痺、四肢無力,抽取詞,董氏奇穴治療析要,待人工映射到目錄標準詞；暫以自身保留搜尋命中
反胃（倒食症）,反胃（倒食症）,抽取詞,董氏奇穴治療析要,待人工映射到目錄標準詞；暫以自身保留搜尋命中
發冷,發冷,抽取詞,董氏奇穴治療析要,待人工映射到目錄標準詞；暫以自身保留搜尋命中
發熱無汗,發熱無汗,抽取詞,董氏奇穴治療析要,待人工映射到目錄標準詞；暫以自身保留搜尋命中
發高燒,發高燒,抽取詞,董氏奇穴治療析要,待人工映射到目錄標準詞；暫以自身保留搜尋命中
口眼歪斜,口眼歪斜,抽取詞,董氏奇穴治療析要,待人工映射到目錄標準詞；暫以自身保留搜尋命中
後腿筋痛,後腿筋痛,抽取詞,董氏奇穴治療析要,待人工映射到目錄標準詞；暫以自身保留搜尋命中
咳喘,咳喘,抽取詞,董氏奇穴治療析要,待人工映射到目錄標準詞；暫以自身保留搜尋命中
咳嗽及氣喘,咳嗽及氣喘,抽取詞,董氏奇穴治療析要,待人工映射到目錄標準詞；暫以自身保留搜尋命中
咳嗽氣喘,咳嗽氣喘,抽取詞,董氏奇穴治療析要,待人工映射到目錄標準詞；暫以自身保留搜尋命中
哮喘,哮喘,抽取詞,董氏奇穴治療析要,待人工映射到目錄標準詞；暫以自身保留搜尋命中
喉嚨不對勁出怪聲,喉嚨不對勁出怪聲,抽取詞,董氏奇穴治療析要,待人工映射到目錄標準詞；暫以自身保留搜尋命中
喉嚨痛,喉嚨痛,抽取詞,董氏奇穴治療析要,待人工映射到目錄標準詞；暫以自身保留搜尋命中
嘴巴歪斜,嘴巴歪斜,抽取詞,董氏奇穴治療析要,待人工映射到目錄標準詞；暫以自身保留搜尋命中
四肢發抖（帕金森病）,四肢發抖（帕金森病）,抽取詞,董氏奇穴治療析要,待人工映射到目錄標準詞；暫以自身保留搜尋命中
四肢無力,四肢無力,抽取詞,董氏奇穴治療析要,待人工映射到目錄標準詞；暫以自身保留搜尋命中
四肢神經麻痺,四肢神經麻痺,抽取詞,董氏奇穴治療析要,待人工映射到目錄標準詞；暫以自身保留搜尋命中
四肢骨腫,四肢骨腫,抽取詞,董氏奇穴治療析要,待人工映射到目錄標準詞；暫以自身保留搜尋命中
外感症,外感症,抽取詞,董氏奇穴治療析要,待人工映射到目錄標準詞；暫以自身保留搜尋命中
多種頭暈,多種頭暈,抽取詞,董氏奇穴治療析要,待人工映射到目錄標準詞；暫以自身保留搜尋命中
大人流口水,大人流口水,抽取詞,董氏奇穴治療析要,待人工映射到目錄標準詞；暫以自身保留搜尋命中
大腿不舒服,大腿不舒服,抽取詞,董氏奇穴治療析要,待人工映射到目錄標準詞；暫以自身保留搜尋命中
大腿痛,大腿痛,抽取詞,董氏奇穴治療析要,待人工映射到目錄標準詞；暫以自身保留搜尋命中
大腿痠痛,大腿痠痛,抽取詞,董氏奇穴治療析要,待人工映射到目錄標準詞；暫以自身保留搜尋命中
天一亮就腹瀉,天一亮就腹瀉,抽取詞,董氏奇穴治療析要,待人工映射到目錄標準詞；暫以自身保留搜尋命中
失眠症,失眠症,抽取詞,董氏奇穴治療析要,待人工映射到目錄標準詞；暫以自身保留搜尋命中
頭昏眼花,頭昏眼花,抽取詞,董氏奇穴治療析要,待人工映射到目錄標準詞；暫以自身保留搜尋命中
頭暈、血壓高,頭暈、血壓高,抽取詞,董氏奇穴治療析要,待人工映射到目錄標準詞；暫以自身保留搜尋命中
頭暈眼花,頭暈眼花,抽取詞,董氏奇穴治療析要,待人工映射到目錄標準詞；暫以自身保留搜尋命中
頭痛,頭痛,抽取詞,董氏奇穴治療析要,待人工映射到目錄標準詞；暫以自身保留搜尋命中
頭痛惡心欲嘔,頭痛惡心欲嘔,抽取詞,董氏奇穴治療析要,待人工映射到目錄標準詞；暫以自身保留搜尋命中
婦科、泌尿系疾病,婦科、泌尿系疾病,抽取詞,董氏奇穴治療析要,待人工映射到目錄標準詞；暫以自身保留搜尋命中
婦科病,婦科病,抽取詞,董氏奇穴治療析要,待人工映射到目錄標準詞；暫以自身保留搜尋命中
婦科病變,婦科病變,抽取詞,董氏奇穴治療析要,待人工映射到目錄標準詞；暫以自身保留搜尋命中
婦科病，尤其是子宮痛,婦科病，尤其是子宮痛,抽取詞,董氏奇穴治療析要,待人工映射到目錄標準詞；暫以自身保留搜尋命中
子宮炎（陰道炎）,子宮炎（陰道炎）,抽取詞,董氏奇穴治療析要,待人工映射到目錄標準詞；暫以自身保留搜尋命中
寒邪致痛,寒邪致痛,抽取詞,董氏奇穴治療析要,待人工映射到目錄標準詞；暫以自身保留搜尋命中
壽瘡,壽瘡,抽取詞,董氏奇穴治療析要,待人工映射到目錄標準詞；暫以自身保留搜尋命中
小便痛,小便痛,抽取詞,董氏奇穴治療析要,待人工映射到目錄標準詞；暫以自身保留搜尋命中
小便癃閉（氣淋）,小便癃閉（氣淋）,抽取詞,董氏奇穴治療析要,待人工映射到目錄標準詞；暫以自身保留搜尋命中
小便過多,小便過多,抽取詞,董氏奇穴治療析要,待人工映射到目錄標準詞；暫以自身保留搜尋命中
小兒發燒,小兒發燒,抽取詞,董氏奇穴治療析要,待人工映射到目錄標準詞；暫以自身保留搜尋命中
小兒夜哭,小兒夜哭,抽取詞,董氏奇穴治療析要,待人工映射到目錄標準詞；暫以自身保留搜尋命中
"小兒夜夢多, 夢驚","小兒夜夢多, 夢驚",抽取詞,董氏奇穴治療析要,待人工映射到目錄標準詞；暫以自身保留搜尋命中
小兒驚風,小兒驚風,抽取詞,董氏奇穴治療析要,待人工映射到目錄標準詞；暫以自身保留搜尋命中
小兒抽動穢語綜合徵,小兒抽動穢語綜合徵,抽取詞,董氏奇穴治療析要,待人工映射到目錄標準詞；暫以自身保留搜尋命中
小兒氣喘,小兒氣喘,抽取詞,董氏奇穴治療析要,待人工映射到目錄標準詞；暫以自身保留搜尋命中
小孩流口水,小孩流口水,抽取詞,董氏奇穴治療析要,待人工映射到目錄標準詞；暫以自身保留搜尋命中
小腿發脹,小腿發脹,抽取詞,董氏奇穴治療析要,待人工映射到目錄標準詞；暫以自身保留搜尋命中
小腿脹疼（痛）,小腿脹疼（痛）,抽取詞,董氏奇穴治療析要,待人工映射到目錄標準詞；暫以自身保留搜尋命中
尿少,尿少,抽取詞,董氏奇穴治療析要,待人工映射到目錄標準詞；暫以自身保留搜尋命中
尿瀦留,尿瀦留,抽取詞,董氏奇穴治療析要,待人工映射到目錄標準詞；暫以自身保留搜尋命中
左肩膀痛,左肩膀痛,抽取詞,董氏奇穴治療析要,待人工映射到目錄標準詞；暫以自身保留搜尋命中
心兩側痛,心兩側痛,抽取詞,董氏奇穴治療析要,待人工映射到目錄標準詞；暫以自身保留搜尋命中
心口痛,心口痛,抽取詞,董氏奇穴治療析要,待人工映射到目錄標準詞；暫以自身保留搜尋命中
心驚,心驚,抽取詞,董氏奇穴治療析要,待人工映射到目錄標準詞；暫以自身保留搜尋命中
心臟病、血管硬化,心臟病、血管硬化,抽取詞,董氏奇穴治療析要,待人工映射到目錄標準詞；暫以自身保留搜尋命中
心臟病引起之頭痛,心臟病引起之頭痛,抽取詞,董氏奇穴治療析要,待人工映射到目錄標準詞；暫以自身保留搜尋命中
心臟的病,心臟的病,抽取詞,董氏奇穴治療析要,待人工映射到目錄標準詞；暫以自身保留搜尋命中
心臟問題,心臟問題,抽取詞,董氏奇穴治療析要,待人工映射到目錄標準詞；暫以自身保留搜尋命中
心臟麻痺、心肌梗死、心跳過速或心驚心悸,心臟麻痺、心肌梗死、心跳過速或心驚心悸,抽取詞,董氏奇穴治療析要,待人工映射到目錄標準詞；暫以自身保留搜尋命中
心臟麻痺（急性心肌梗死）,心臟麻痺（急性心肌梗死）,抽取詞,董氏奇穴治療析要,待人工映射到目錄標準詞；暫以自身保留搜尋命中
心跳,心跳,抽取詞,董氏奇穴治療析要,待人工映射到目錄標準詞；暫以自身保留搜尋命中
心跳加胸悶,心跳加胸悶,抽取詞,董氏奇穴治療析要,待人工映射到目錄標準詞；暫以自身保留搜尋命中
心跳胸悶,心跳胸悶,抽取詞,董氏奇穴治療析要,待人工映射到目錄標準詞；暫以自身保留搜尋命中
心跳過速,心跳過速,抽取詞,董氏奇穴治療析要,待人工映射到目錄標準詞；暫以自身保留搜尋命中
怕光,怕光,抽取詞,董氏奇穴治療析要,待人工映射到目錄標準詞；暫以自身保留搜尋命中
急性心臟麻痺,急性心臟麻痺,抽取詞,董氏奇穴治療析要,待人工映射到目錄標準詞；暫以自身保留搜尋命中
急性肝炎,急性肝炎,抽取詞,董氏奇穴治療析要,待人工映射到目錄標準詞；暫以自身保留搜尋命中
急性胃痛,急性胃痛,抽取詞,董氏奇穴治療析要,待人工映射到目錄標準詞；暫以自身保留搜尋命中
急性腰扭傷,急性腰扭傷,抽取詞,董氏奇穴治療析要,待人工映射到目錄標準詞；暫以自身保留搜尋命中
急性腰痛,急性腰痛,抽取詞,董氏奇穴治療析要,待人工映射到目錄標準詞；暫以自身保留搜尋命中
急慢性胃痛,急慢性胃痛,抽取詞,董氏奇穴治療析要,待人工映射到目錄標準詞；暫以自身保留搜尋命中
性病之淋病,性病之淋病,抽取詞,董氏奇穴治療析要,待人工映射到目錄標準詞；暫以自身保留搜尋命中
感冒發燒諸症,感冒發燒諸症,抽取詞,董氏奇穴治療析要,待人工映射到目錄標準詞；暫以自身保留搜尋命中
感冒頭痛,感冒頭痛,抽取詞,董氏奇穴治療析要,待人工映射到目錄標準詞；暫以自身保留搜尋命中
慢性肝炎,慢性肝炎,抽取詞,董氏奇穴治療析要,待人工映射到目錄標準詞；暫以自身保留搜尋命中
慢性胃病、久年胃病,慢性胃病、久年胃病,抽取詞,董氏奇穴治療析要,待人工映射到目錄標準詞；暫以自身保留搜尋命中
慢性胃痛,慢性胃痛,抽取詞,董氏奇穴治療析要,待人工映射到目錄標準詞；暫以自身保留搜尋命中
手前臂痛,手前臂痛,抽取詞,董氏奇穴治療析要,待人工映射到目錄標準詞；暫以自身保留搜尋命中
"手拘攣, 四肢發抖, 帕金森病","手拘攣, 四肢發抖, 帕金森病",抽取詞,董氏奇穴治療析要,待人工映射到目錄標準詞；暫以自身保留搜尋命中
手指麻（手麻）,手指麻（手麻）,抽取詞,董氏奇穴治療析要,待人工映射到目錄標準詞；暫以自身保留搜尋命中
手痛不能握物,手痛不能握物,抽取詞,董氏奇穴治療析要,待人工映射到目錄標準詞；暫以自身保留搜尋命中
手腳血管硬化,手腳血管硬化,抽取詞,董氏奇穴治療析要,待人工映射到目錄標準詞；暫以自身保留搜尋命中
手腕手背痛,手腕手背痛,抽取詞,董氏奇穴治療析要,待人工映射到目錄標準詞；暫以自身保留搜尋命中
手臂痛不能握物,手臂痛不能握物,抽取詞,董氏奇穴治療析要,待人工映射到目錄標準詞；暫以自身保留搜尋命中
手足麻痺,手足麻痺,抽取詞,董氏奇穴治療析要,待人工映射到目錄標準詞；暫以自身保留搜尋命中
手麻、腳麻,手麻、腳麻,抽取詞,董氏奇穴治療析要,待人工映射到目錄標準詞；暫以自身保留搜尋命中
打嗝,打嗝,抽取詞,董氏奇穴治療析要,待人工映射到目錄標準詞；暫以自身保留搜尋命中
抬腿無力,抬腿無力,抽取詞,董氏奇穴治療析要,待人工映射到目錄標準詞；暫以自身保留搜尋命中
抬膝無力,抬膝無力,抽取詞,董氏奇穴治療析要,待人工映射到目錄標準詞；暫以自身保留搜尋命中
支氣管炎,支氣管炎,抽取詞,董氏奇穴治療析要,待人工映射到目錄標準詞；暫以自身保留搜尋命中
夢遺,夢遺,抽取詞,董氏奇穴治療析要,待人工映射到目錄標準詞；暫以自身保留搜尋命中
歡骨疼痛,歡骨疼痛,抽取詞,董氏奇穴治療析要,待人工映射到目錄標準詞；暫以自身保留搜尋命中
死胎不下,死胎不下,抽取詞,董氏奇穴治療析要,待人工映射到目錄標準詞；暫以自身保留搜尋命中
氣喘（發作時間與心包經有關）,氣喘（發作時間與心包經有關）,抽取詞,董氏奇穴治療析要,待人工映射到目錄標準詞；暫以自身保留搜尋命中
氣喘（發作時間與膽經有關）,氣喘（發作時間與膽經有關）,抽取詞,董氏奇穴治療析要,待人工映射到目錄標準詞；暫以自身保留搜尋命中
氣喘（肺相關病症）,氣喘（肺相關病症）,抽取詞,董氏奇穴治療析要,待人工映射到目錄標準詞；暫以自身保留搜尋命中
氣滯疼痛,氣滯疼痛,抽取詞,董氏奇穴治療析要,待人工映射到目錄標準詞；暫以自身保留搜尋命中
氣虛疼痛,氣虛疼痛,抽取詞,董氏奇穴治療析要,待人工映射到目錄標準詞；暫以自身保留搜尋命中
氣血錯亂,氣血錯亂,抽取詞,董氏奇穴治療析要,待人工映射到目錄標準詞；暫以自身保留搜尋命中
水腫,水腫,抽取詞,董氏奇穴治療析要,待人工映射到目錄標準詞；暫以自身保留搜尋命中
治酒醉急症,治酒醉急症,抽取詞,董氏奇穴治療析要,待人工映射到目錄標準詞；暫以自身保留搜尋命中
流眼淚、出汗多、鼻涕多,流眼淚、出汗多、鼻涕多,抽取詞,董氏奇穴治療析要,待人工映射到目錄標準詞；暫以自身保留搜尋命中
流鼻血及鼻塞,流鼻血及鼻塞,抽取詞,董氏奇穴治療析要,待人工映射到目錄標準詞；暫以自身保留搜尋命中
浮腫,浮腫,抽取詞,董氏奇穴治療析要,待人工映射到目錄標準詞；暫以自身保留搜尋命中
消化不良,消化不良,抽取詞,董氏奇穴治療析要,待人工映射到目錄標準詞；暫以自身保留搜尋命中
溼熱黃疸,溼熱黃疸,抽取詞,董氏奇穴治療析要,待人工映射到目錄標準詞；暫以自身保留搜尋命中
滑精,滑精,抽取詞,董氏奇穴治療析要,待人工映射到目錄標準詞；暫以自身保留搜尋命中
濕邪致痛,濕邪致痛,抽取詞,董氏奇穴治療析要,待人工映射到目錄標準詞；暫以自身保留搜尋命中
熱邪致痛,熱邪致痛,抽取詞,董氏奇穴治療析要,待人工映射到目錄標準詞；暫以自身保留搜尋命中
牙齒酸,牙齒酸,抽取詞,董氏奇穴治療析要,待人工映射到目錄標準詞；暫以自身保留搜尋命中
特瘡,特瘡,抽取詞,董氏奇穴治療析要,待人工映射到目錄標準詞；暫以自身保留搜尋命中
狐臭,狐臭,抽取詞,董氏奇穴治療析要,待人工映射到目錄標準詞；暫以自身保留搜尋命中
"疝氣, 陽痿","疝氣, 陽痿",抽取詞,董氏奇穴治療析要,待人工映射到目錄標準詞；暫以自身保留搜尋命中
疲勞過度,疲勞過度,抽取詞,董氏奇穴治療析要,待人工映射到目錄標準詞；暫以自身保留搜尋命中
疼痛,疼痛,抽取詞,董氏奇穴治療析要,待人工映射到目錄標準詞；暫以自身保留搜尋命中
癢症（如蕁麻疹）,癢症（如蕁麻疹）,抽取詞,董氏奇穴治療析要,待人工映射到目錄標準詞；暫以自身保留搜尋命中
痛症,痛症,抽取詞,董氏奇穴治療析要,待人工映射到目錄標準詞；暫以自身保留搜尋命中
痰飲疼痛,痰飲疼痛,抽取詞,董氏奇穴治療析要,待人工映射到目錄標準詞；暫以自身保留搜尋命中
瘀血疼痛,瘀血疼痛,抽取詞,董氏奇穴治療析要,待人工映射到目錄標準詞；暫以自身保留搜尋命中
白內障,白內障,抽取詞,董氏奇穴治療析要,待人工映射到目錄標準詞；暫以自身保留搜尋命中
白細胞過多,白細胞過多,抽取詞,董氏奇穴治療析要,待人工映射到目錄標準詞；暫以自身保留搜尋命中
皮膚病變或神經感覺差,皮膚病變或神經感覺差,抽取詞,董氏奇穴治療析要,待人工映射到目錄標準詞；暫以自身保留搜尋命中
皮膚癢,皮膚癢,抽取詞,董氏奇穴治療析要,待人工映射到目錄標準詞；暫以自身保留搜尋命中
目乾澀（千眼症）,目乾澀（千眼症）,抽取詞,董氏奇穴治療析要,待人工映射到目錄標準詞；暫以自身保留搜尋命中
真心痛（心絞痛）,真心痛（心絞痛）,抽取詞,董氏奇穴治療析要,待人工映射到目錄標準詞；暫以自身保留搜尋命中
真性紅細胞過多,真性紅細胞過多,抽取詞,董氏奇穴治療析要,待人工映射到目錄標準詞；暫以自身保留搜尋命中
眼發紅,眼發紅,抽取詞,董氏奇穴治療析要,待人工映射到目錄標準詞；暫以自身保留搜尋命中
眼發黃,眼發黃,抽取詞,董氏奇穴治療析要,待人工映射到目錄標準詞；暫以自身保留搜尋命中
眼斜嘴歪,眼斜嘴歪,抽取詞,董氏奇穴治療析要,待人工映射到目錄標準詞；暫以自身保留搜尋命中
眼球歪斜及複視（視一為二）,眼球歪斜及複視（視一為二）,抽取詞,董氏奇穴治療析要,待人工映射到目錄標準詞；暫以自身保留搜尋命中
眼球突出,眼球突出,抽取詞,董氏奇穴治療析要,待人工映射到目錄標準詞；暫以自身保留搜尋命中
眼病（青光眼、飛蚊症）,眼病（青光眼、飛蚊症）,抽取詞,董氏奇穴治療析要,待人工映射到目錄標準詞；暫以自身保留搜尋命中
眼皮睜不開,眼皮睜不開,抽取詞,董氏奇穴治療析要,待人工映射到目錄標準詞；暫以自身保留搜尋命中
眼皮跳動的病變,眼皮跳動的病變,抽取詞,董氏奇穴治療析要,待人工映射到目錄標準詞；暫以自身保留搜尋命中
眼睛乾澀,眼睛乾澀,抽取詞,董氏奇穴治療析要,待人工映射到目錄標準詞；暫以自身保留搜尋命中
眼睛痛,眼睛痛,抽取詞,董氏奇穴治療析要,待人工映射到目錄標準詞；暫以自身保留搜尋命中
眼紅腫及頭風,眼紅腫及頭風,抽取詞,董氏奇穴治療析要,待人工映射到目錄標準詞；暫以自身保留搜尋命中
眼角痛（角膜炎）,眼角痛（角膜炎）,抽取詞,董氏奇穴治療析要,待人工映射到目錄標準詞；暫以自身保留搜尋命中
眼角紅,眼角紅,抽取詞,董氏奇穴治療析要,待人工映射到目錄標準詞；暫以自身保留搜尋命中
眼迎風流淚,眼迎風流淚,抽取詞,董氏奇穴治療析要,待人工映射到目錄標準詞；暫以自身保留搜尋命中
睡中咬牙,睡中咬牙,抽取詞,董氏奇穴治療析要,待人工映射到目錄標準詞；暫以自身保留搜尋命中
神志突變,神志突變,抽取詞,董氏奇穴治療析要,待人工映射到目錄標準詞；暫以自身保留搜尋命中
神經衰弱失眠,神經衰弱失眠,抽取詞,董氏奇穴治療析要,待人工映射到目錄標準詞；暫以自身保留搜尋命中
類風溼關節炎,類風溼關節炎,抽取詞,董氏奇穴治療析要,待人工映射到目錄標準詞；暫以自身保留搜尋命中
網球肘,網球肘,抽取詞,董氏奇穴治療析要,待人工映射到目錄標準詞；暫以自身保留搜尋命中
網球肘、肱骨外上髁炎,網球肘、肱骨外上髁炎,抽取詞,董氏奇穴治療析要,待人工映射到目錄標準詞；暫以自身保留搜尋命中
耳中蟬噪有聲,耳中蟬噪有聲,抽取詞,董氏奇穴治療析要,待人工映射到目錄標準詞；暫以自身保留搜尋命中
聲音沙啞,聲音沙啞,抽取詞,董氏奇穴治療析要,待人工映射到目錄標準詞；暫以自身保留搜尋命中
肌痺,肌痺,抽取詞,董氏奇穴治療析要,待人工映射到目錄標準詞；暫以自身保留搜尋命中
肌肉萎縮,肌肉萎縮,抽取詞,董氏奇穴治療析要,待人工映射到目錄標準詞；暫以自身保留搜尋命中
肌肉萎縮，肌肉無力,肌肉萎縮，肌肉無力,抽取詞,董氏奇穴治療析要,待人工映射到目錄標準詞；暫以自身保留搜尋命中
肘有病,肘有病,抽取詞,董氏奇穴治療析要,待人工映射到目錄標準詞；暫以自身保留搜尋命中
肚子痛,肚子痛,抽取詞,董氏奇穴治療析要,待人工映射到目錄標準詞；暫以自身保留搜尋命中
肚臍痛,肚臍痛,抽取詞,董氏奇穴治療析要,待人工映射到目錄標準詞；暫以自身保留搜尋命中
肛門部脹痛或刺痛，異物感或下墜感，便後有腫塊脫出肛門，大便帶血或便後帶血。,肛門部脹痛或刺痛，異物感或下墜感，便後有腫塊脫出肛門，大便帶血或便後帶血。,抽取詞,董氏奇穴治療析要,待人工映射到目錄標準詞；暫以自身保留搜尋命中
肝病,肝病,抽取詞,董氏奇穴治療析要,待人工映射到目錄標準詞；暫以自身保留搜尋命中
肝臟問題,肝臟問題,抽取詞,董氏奇穴治療析要,待人工映射到目錄標準詞；暫以自身保留搜尋命中
肝脾不和,肝脾不和,抽取詞,董氏奇穴治療析要,待人工映射到目錄標準詞；暫以自身保留搜尋命中
肝衰弱與肝機能不夠引起之疲勞,肝衰弱與肝機能不夠引起之疲勞,抽取詞,董氏奇穴治療析要,待人工映射到目錄標準詞；暫以自身保留搜尋命中
肩關節周圍炎（凍結肩）,肩關節周圍炎（凍結肩）,抽取詞,董氏奇穴治療析要,待人工映射到目錄標準詞；暫以自身保留搜尋命中
肩峰痛,肩峰痛,抽取詞,董氏奇穴治療析要,待人工映射到目錄標準詞；暫以自身保留搜尋命中
肩膀不能側伸及後伸,肩膀不能側伸及後伸,抽取詞,董氏奇穴治療析要,待人工映射到目錄標準詞；暫以自身保留搜尋命中
肩膀痛,肩膀痛,抽取詞,董氏奇穴治療析要,待人工映射到目錄標準詞；暫以自身保留搜尋命中
肩連背痛,肩連背痛,抽取詞,董氏奇穴治療析要,待人工映射到目錄標準詞；暫以自身保留搜尋命中
肺的病,肺的病,抽取詞,董氏奇穴治療析要,待人工映射到目錄標準詞；暫以自身保留搜尋命中
肺部疾病,肺部疾病,抽取詞,董氏奇穴治療析要,待人工映射到目錄標準詞；暫以自身保留搜尋命中
腎虧之各病,腎虧之各病,抽取詞,董氏奇穴治療析要,待人工映射到目錄標準詞；暫以自身保留搜尋命中
腎虧之頭暈腰痛,腎虧之頭暈腰痛,抽取詞,董氏奇穴治療析要,待人工映射到目錄標準詞；暫以自身保留搜尋命中
腎機能不夠之疲勞,腎機能不夠之疲勞,抽取詞,董氏奇穴治療析要,待人工映射到目錄標準詞；暫以自身保留搜尋命中
腎絞痛與腎結石,腎絞痛與腎結石,抽取詞,董氏奇穴治療析要,待人工映射到目錄標準詞；暫以自身保留搜尋命中
脅部脹痛走竄不定，其痛每因情志變動而增劇，兼納少、胸悶等症者,脅部脹痛走竄不定，其痛每因情志變動而增劇，兼納少、胸悶等症者,抽取詞,董氏奇穴治療析要,待人工映射到目錄標準詞；暫以自身保留搜尋命中
胃疼,胃疼,抽取詞,董氏奇穴治療析要,待人工映射到目錄標準詞；暫以自身保留搜尋命中
胃痙攣導致的疼痛,胃痙攣導致的疼痛,抽取詞,董氏奇穴治療析要,待人工映射到目錄標準詞；暫以自身保留搜尋命中
胃脘痛,胃脘痛,抽取詞,董氏奇穴治療析要,待人工映射到目錄標準詞；暫以自身保留搜尋命中
胃脘脹痛、胃痙攣,胃脘脹痛、胃痙攣,抽取詞,董氏奇穴治療析要,待人工映射到目錄標準詞；暫以自身保留搜尋命中
胃酸反流,胃酸反流,抽取詞,董氏奇穴治療析要,待人工映射到目錄標準詞；暫以自身保留搜尋命中
膽病,膽病,抽取詞,董氏奇穴治療析要,待人工映射到目錄標準詞；暫以自身保留搜尋命中
背痛、腰痛向腿部放射,背痛、腰痛向腿部放射,抽取詞,董氏奇穴治療析要,待人工映射到目錄標準詞；暫以自身保留搜尋命中
背脊畸形（脊柱側彎）,背脊畸形（脊柱側彎）,抽取詞,董氏奇穴治療析要,待人工映射到目錄標準詞；暫以自身保留搜尋命中
胎衣不下,胎衣不下,抽取詞,董氏奇穴治療析要,待人工映射到目錄標準詞；暫以自身保留搜尋命中
胸乳痛,胸乳痛,抽取詞,董氏奇穴治療析要,待人工映射到目錄標準詞；暫以自身保留搜尋命中
胸背疾病,胸背疾病,抽取詞,董氏奇穴治療析要,待人工映射到目錄標準詞；暫以自身保留搜尋命中
胸腹側痛,胸腹側痛,抽取詞,董氏奇穴治療析要,待人工映射到目錄標準詞；暫以自身保留搜尋命中
胸腹部中央線是任脈的痛,胸腹部中央線是任脈的痛,抽取詞,董氏奇穴治療析要,待人工映射到目錄標準詞；暫以自身保留搜尋命中
胸部打傷,胸部打傷,抽取詞,董氏奇穴治療析要,待人工映射到目錄標準詞；暫以自身保留搜尋命中
胸部打傷、全身痠痛,胸部打傷、全身痠痛,抽取詞,董氏奇穴治療析要,待人工映射到目錄標準詞；暫以自身保留搜尋命中
"脊椎中央痛, 腰椎痛","脊椎中央痛, 腰椎痛",抽取詞,董氏奇穴治療析要,待人工映射到目錄標準詞；暫以自身保留搜尋命中
脊椎壓痛（椎間盤突出的壓痛）,脊椎壓痛（椎間盤突出的壓痛）,抽取詞,董氏奇穴治療析要,待人工映射到目錄標準詞；暫以自身保留搜尋命中
脊椎扭挫傷（脊椎骨閃痛）,脊椎扭挫傷（脊椎骨閃痛）,抽取詞,董氏奇穴治療析要,待人工映射到目錄標準詞；暫以自身保留搜尋命中
脊椎病,脊椎病,抽取詞,董氏奇穴治療析要,待人工映射到目錄標準詞；暫以自身保留搜尋命中
脊椎長芽骨（脊椎骨膜炎）,脊椎長芽骨（脊椎骨膜炎）,抽取詞,董氏奇穴治療析要,待人工映射到目錄標準詞；暫以自身保留搜尋命中
脊椎骨疼痛,脊椎骨疼痛,抽取詞,董氏奇穴治療析要,待人工映射到目錄標準詞；暫以自身保留搜尋命中
脊椎骨閃痛,脊椎骨閃痛,抽取詞,董氏奇穴治療析要,待人工映射到目錄標準詞；暫以自身保留搜尋命中
脊椎骨骼脹大、頸椎及腰椎骨刺,脊椎骨骼脹大、頸椎及腰椎骨刺,抽取詞,董氏奇穴治療析要,待人工映射到目錄標準詞；暫以自身保留搜尋命中
腦神經痛,腦神經痛,抽取詞,董氏奇穴治療析要,待人工映射到目錄標準詞；暫以自身保留搜尋命中
腦貧血引起的頭暈,腦貧血引起的頭暈,抽取詞,董氏奇穴治療析要,待人工映射到目錄標準詞；暫以自身保留搜尋命中
脖子病,脖子病,抽取詞,董氏奇穴治療析要,待人工映射到目錄標準詞；暫以自身保留搜尋命中
脖子病痛,脖子病痛,抽取詞,董氏奇穴治療析要,待人工映射到目錄標準詞；暫以自身保留搜尋命中
脖頸痛、脖子痛、頸項神經痛、項痛、頸項痛、項骨正中脹痛、頸項疼痛扭 轉不靈,脖頸痛、脖子痛、頸項神經痛、項痛、頸項痛、項骨正中脹痛、頸項疼痛扭 轉不靈,抽取詞,董氏奇穴治療析要,待人工映射到目錄標準詞；暫以自身保留搜尋命中
腳、腳趾、腳踝疾病,腳、腳趾、腳踝疾病,抽取詞,董氏奇穴治療析要,待人工映射到目錄標準詞；暫以自身保留搜尋命中
腳抽筋（腿轉筋）,腳抽筋（腿轉筋）,抽取詞,董氏奇穴治療析要,待人工映射到目錄標準詞；暫以自身保留搜尋命中
臉腫及全身腫,臉腫及全身腫,抽取詞,董氏奇穴治療析要,待人工映射到目錄標準詞；暫以自身保留搜尋命中
臉部麻痺,臉部麻痺,抽取詞,董氏奇穴治療析要,待人工映射到目錄標準詞；暫以自身保留搜尋命中
臉面黑斑,臉面黑斑,抽取詞,董氏奇穴治療析要,待人工映射到目錄標準詞；暫以自身保留搜尋命中
脾臟問題,脾臟問題,抽取詞,董氏奇穴治療析要,待人工映射到目錄標準詞；暫以自身保留搜尋命中
腕關節痛，尤其是腕管綜合徵,腕關節痛，尤其是腕管綜合徵,抽取詞,董氏奇穴治療析要,待人工映射到目錄標準詞；暫以自身保留搜尋命中
腰扭傷,腰扭傷,抽取詞,董氏奇穴治療析要,待人工映射到目錄標準詞；暫以自身保留搜尋命中
腰扭傷、脊椎扭傷,腰扭傷、脊椎扭傷,抽取詞,董氏奇穴治療析要,待人工映射到目錄標準詞；暫以自身保留搜尋命中
腰椎骨刺,腰椎骨刺,抽取詞,董氏奇穴治療析要,待人工映射到目錄標準詞；暫以自身保留搜尋命中
腰痛,腰痛,抽取詞,董氏奇穴治療析要,待人工映射到目錄標準詞；暫以自身保留搜尋命中
腰痠,腰痠,抽取詞,董氏奇穴治療析要,待人工映射到目錄標準詞；暫以自身保留搜尋命中
腰痠背痛,腰痠背痛,抽取詞,董氏奇穴治療析要,待人工映射到目錄標準詞；暫以自身保留搜尋命中
腰骶疼痛,腰骶疼痛,抽取詞,董氏奇穴治療析要,待人工映射到目錄標準詞；暫以自身保留搜尋命中
腱鞘囊腫,腱鞘囊腫,抽取詞,董氏奇穴治療析要,待人工映射到目錄標準詞；暫以自身保留搜尋命中
腹中痛瀉,腹中痛瀉,抽取詞,董氏奇穴治療析要,待人工映射到目錄標準詞；暫以自身保留搜尋命中
腹中絞痛（絞腸痧）,腹中絞痛（絞腸痧）,抽取詞,董氏奇穴治療析要,待人工映射到目錄標準詞；暫以自身保留搜尋命中
腹瀉,腹瀉,抽取詞,董氏奇穴治療析要,待人工映射到目錄標準詞；暫以自身保留搜尋命中
腿腫,腿腫,抽取詞,董氏奇穴治療析要,待人工映射到目錄標準詞；暫以自身保留搜尋命中
腿轉筋（小腿肚抽筋）,腿轉筋（小腿肚抽筋）,抽取詞,董氏奇穴治療析要,待人工映射到目錄標準詞；暫以自身保留搜尋命中
腿痠軟及發脹,腿痠軟及發脹,抽取詞,董氏奇穴治療析要,待人工映射到目錄標準詞；暫以自身保留搜尋命中
膝痛,膝痛,抽取詞,董氏奇穴治療析要,待人工映射到目錄標準詞；暫以自身保留搜尋命中
膝蓋骨刺的疼痛,膝蓋骨刺的疼痛,抽取詞,董氏奇穴治療析要,待人工映射到目錄標準詞；暫以自身保留搜尋命中
舌下腫硬,舌下腫硬,抽取詞,董氏奇穴治療析要,待人工映射到目錄標準詞；暫以自身保留搜尋命中
落枕（頸部軟組織損傷）,落枕（頸部軟組織損傷）,抽取詞,董氏奇穴治療析要,待人工映射到目錄標準詞；暫以自身保留搜尋命中
蟲痛,蟲痛,抽取詞,董氏奇穴治療析要,待人工映射到目錄標準詞；暫以自身保留搜尋命中
蛋白尿,蛋白尿,抽取詞,董氏奇穴治療析要,待人工映射到目錄標準詞；暫以自身保留搜尋命中
血壓高,血壓高,抽取詞,董氏奇穴治療析要,待人工映射到目錄標準詞；暫以自身保留搜尋命中
血壓高引起的頭暈眼昏,血壓高引起的頭暈眼昏,抽取詞,董氏奇穴治療析要,待人工映射到目錄標準詞；暫以自身保留搜尋命中
血壓高的頭暈,血壓高的頭暈,抽取詞,董氏奇穴治療析要,待人工映射到目錄標準詞；暫以自身保留搜尋命中
血尿,血尿,抽取詞,董氏奇穴治療析要,待人工映射到目錄標準詞；暫以自身保留搜尋命中
血淋,血淋,抽取詞,董氏奇穴治療析要,待人工映射到目錄標準詞；暫以自身保留搜尋命中
血虛疼痛,血虛疼痛,抽取詞,董氏奇穴治療析要,待人工映射到目錄標準詞；暫以自身保留搜尋命中
解暈針與下針後引起之麻木感及氣血錯亂之刺痛,解暈針與下針後引起之麻木感及氣血錯亂之刺痛,抽取詞,董氏奇穴治療析要,待人工映射到目錄標準詞；暫以自身保留搜尋命中
解酒,解酒,抽取詞,董氏奇穴治療析要,待人工映射到目錄標準詞；暫以自身保留搜尋命中
語言障礙,語言障礙,抽取詞,董氏奇穴治療析要,待人工映射到目錄標準詞；暫以自身保留搜尋命中
赤白帶下,赤白帶下,抽取詞,董氏奇穴治療析要,待人工映射到目錄標準詞；暫以自身保留搜尋命中
身體的強直、痙攣、抽筋等,身體的強直、痙攣、抽筋等,抽取詞,董氏奇穴治療析要,待人工映射到目錄標準詞；暫以自身保留搜尋命中
迎風流淚,迎風流淚,抽取詞,董氏奇穴治療析要,待人工映射到目錄標準詞；暫以自身保留搜尋命中
醉酒之嘔吐,醉酒之嘔吐,抽取詞,董氏奇穴治療析要,待人工映射到目錄標準詞；暫以自身保留搜尋命中
重感冒,重感冒,抽取詞,董氏奇穴治療析要,待人工映射到目錄標準詞；暫以自身保留搜尋命中
閃腰岔氣,閃腰岔氣,抽取詞,董氏奇穴治療析要,待人工映射到目錄標準詞；暫以自身保留搜尋命中
閃腰岔氣疼痛,閃腰岔氣疼痛,抽取詞,董氏奇穴治療析要,待人工映射到目錄標準詞；暫以自身保留搜尋命中
閉經,閉經,抽取詞,董氏奇穴治療析要,待人工映射到目錄標準詞；暫以自身保留搜尋命中
陽痿、早洩,陽痿、早洩,抽取詞,董氏奇穴治療析要,待人工映射到目錄標準詞；暫以自身保留搜尋命中
陽虛疼痛,陽虛疼痛,抽取詞,董氏奇穴治療析要,待人工映射到目錄標準詞；暫以自身保留搜尋命中
陰虛疼痛,陰虛疼痛,抽取詞,董氏奇穴治療析要,待人工映射到目錄標準詞；暫以自身保留搜尋命中
陰道癢,陰道癢,抽取詞,董氏奇穴治療析要,待人工映射到目錄標準詞；暫以自身保留搜尋命中
陰道瘙癢,陰道瘙癢,抽取詞,董氏奇穴治療析要,待人工映射到目錄標準詞；暫以自身保留搜尋命中
面神經麻痺,面神經麻痺,抽取詞,董氏奇穴治療析要,待人工映射到目錄標準詞；暫以自身保留搜尋命中
面黃,面黃,抽取詞,董氏奇穴治療析要,待人工映射到目錄標準詞；暫以自身保留搜尋命中
頸椎、腰椎骨刺，膝蓋、足跟骨刺,頸椎、腰椎骨刺，膝蓋、足跟骨刺,抽取詞,董氏奇穴治療析要,待人工映射到目錄標準詞；暫以自身保留搜尋命中
頸椎骨刺,頸椎骨刺,抽取詞,董氏奇穴治療析要,待人工映射到目錄標準詞；暫以自身保留搜尋命中
頸肩背痛,頸肩背痛,抽取詞,董氏奇穴治療析要,待人工映射到目錄標準詞；暫以自身保留搜尋命中
頸腰椎骨刺,頸腰椎骨刺,抽取詞,董氏奇穴治療析要,待人工映射到目錄標準詞；暫以自身保留搜尋命中
頸連肩痛，包括落枕、五十肩,頸連肩痛，包括落枕、五十肩,抽取詞,董氏奇穴治療析要,待人工映射到目錄標準詞；暫以自身保留搜尋命中
頸項強直疼痛,頸項強直疼痛,抽取詞,董氏奇穴治療析要,待人工映射到目錄標準詞；暫以自身保留搜尋命中
頸項強硬,頸項強硬,抽取詞,董氏奇穴治療析要,待人工映射到目錄標準詞；暫以自身保留搜尋命中
顏面神經的震顫,顏面神經的震顫,抽取詞,董氏奇穴治療析要,待人工映射到目錄標準詞；暫以自身保留搜尋命中
顫抖症狀,顫抖症狀,抽取詞,董氏奇穴治療析要,待人工映射到目錄標準詞；暫以自身保留搜尋命中
顴骨痛,顴骨痛,抽取詞,董氏奇穴治療析要,待人工映射到目錄標準詞；暫以自身保留搜尋命中
風邪致痛,風邪致痛,抽取詞,董氏奇穴治療析要,待人工映射到目錄標準詞；暫以自身保留搜尋命中
食痛,食痛,抽取詞,董氏奇穴治療析要,待人工映射到目錄標準詞；暫以自身保留搜尋命中
骨骼脹大,骨骼脹大,抽取詞,董氏奇穴治療析要,待人工映射到目錄標準詞；暫以自身保留搜尋命中
髖部疼痛,髖部疼痛,抽取詞,董氏奇穴治療析要,待人工映射到目錄標準詞；暫以自身保留搜尋命中
髖部痛及抬腿無力,髖部痛及抬腿無力,抽取詞,董氏奇穴治療析要,待人工映射到目錄標準詞；暫以自身保留搜尋命中
高爾夫球肘,高爾夫球肘,抽取詞,董氏奇穴治療析要,待人工映射到目錄標準詞；暫以自身保留搜尋命中
高血壓引起的手腳麻痺,高血壓引起的手腳麻痺,抽取詞,董氏奇穴治療析要,待人工映射到目錄標準詞；暫以自身保留搜尋命中
魚刺鯁喉,魚刺鯁喉,抽取詞,董氏奇穴治療析要,待人工映射到目錄標準詞；暫以自身保留搜尋命中
黃體激素不足,黃體激素不足,抽取詞,董氏奇穴治療析要,待人工映射到目錄標準詞；暫以自身保留搜尋命中
鼻炎,鼻炎,抽取詞,董氏奇穴治療析要,待人工映射到目錄標準詞；暫以自身保留搜尋命中
鼻蓄膿症（鼻淵）,鼻蓄膿症（鼻淵）,抽取詞,董氏奇穴治療析要,待人工映射到目錄標準詞；暫以自身保留搜尋命中
齒根痛,齒根痛,抽取詞,董氏奇穴治療析要,待人工映射到目錄標準詞；暫以自身保留搜尋命中
發熱,發燒,同義詞,人工校訂,對針主治用詞標準化
卒中後遺症,中風後遺症,同義詞,人工校訂,對針主治用詞標準化
半身不遂,中風後遺症,同義詞,人工校訂,對針主治用詞標準化
