標準症狀,分類,排序,詞表層級,目錄排序,目錄症狀,目錄節,來源行,來源,條目數,空推薦穴位數,備註
前頭痛,痛症,1,目錄標準詞,1,前頭痛(眉稜骨痛、鼻骨痛、陽明頭痛),第三節頭項上肢部位痛,1237,董氏奇穴治療析要,0,0,
偏頭痛,痛症,2,目錄標準詞,2,偏頭痛,第三節頭項上肢部位痛,1289,董氏奇穴治療析要,4,1,
後頭痛,痛症,3,目錄標準詞,3,後頭痛,第三節頭項上肢部位痛,1362,董氏奇穴治療析要,2,1,
全頭痛,痛症,4,目錄標準詞,4,全頭痛,第三節頭項上肢部位痛,1390,董氏奇穴治療析要,1,1,
顴骨疼痛,痛症,5,目錄標準詞,5,顴骨疼痛,第三節頭項上肢部位痛,1451,董氏奇穴治療析要,0,0,
三叉神經痛,痛症,6,目錄標準詞,6,三叉神經痛,第三節頭項上肢部位痛,1486,董氏奇穴治療析要,3,1,
耳朵痛,痛症,7,目錄標準詞,7,耳朵痛,第三節頭項上肢部位痛,1530,董氏奇穴治療析要,2,1,
項強痛,痛症,8,目錄標準詞,8,項強痛,第三節頭項上肢部位痛,1554,董氏奇穴治療析要,1,0,
落枕,痛症,9,目錄標準詞,9,落枕,第三節頭項上肢部位痛,1618,董氏奇穴治療析要,2,1,
肩頸痛,痛症,10,目錄標準詞,10,肩頸痛,第三節頭項上肢部位痛,1660,董氏奇穴治療析要,1,1,
肩周炎,痛症,11,目錄標準詞,11,肩臂不能舉(肩關節周圍炎、五十肩),第三節頭項上肢部位痛,1685,董氏奇穴治療析要,0,0,
五十肩,痛症,12,目錄標準詞,11,肩臂不能舉(肩關節周圍炎、五十肩),第三節頭項上肢部位痛,1685,董氏奇穴治療析要,3,0,
肩關節扭傷,痛症,13,目錄標準詞,12,肩關節扭傷,第三節頭項上肢部位痛,1723,董氏奇穴治療析要,2,1,
肩痛,痛症,14,目錄標準詞,13,肩痛,第三節頭項上肢部位痛,1736,董氏奇穴治療析要,2,1,
上臂痛,痛症,15,目錄標準詞,14,上臂痛(肩臂痛),第三節頭項上肢部位痛,1775,董氏奇穴治療析要,0,0,
肘關節痛,痛症,16,目錄標準詞,15,肘關節痛,第三節頭項上肢部位痛,1828,董氏奇穴治療析要,1,1,
腕關節痛,痛症,17,目錄標準詞,16,腕關節痛,第三節頭項上肢部位痛,1947,董氏奇穴治療析要,0,0,
橈骨莖突腱鞘炎,痛症,18,目錄標準詞,17,橈骨莖突腱鞘炎,第三節頭項上肢部位痛,1989,董氏奇穴治療析要,2,1,
指關節痛,痛症,19,目錄標準詞,18,指關節痛,第三節頭項上肢部位痛,2018,董氏奇穴治療析要,1,0,
食指痛,痛症,20,目錄標準詞,19,食指痛,第三節頭項上肢部位痛,2032,董氏奇穴治療析要,2,1,
扳機指,痛症,21,目錄標準詞,20,扳機指,第三節頭項上肢部位痛,2056,董氏奇穴治療析要,3,1,
坐骨神經痛,痛症,22,目錄標準詞,21,坐骨神經痛,第四節下肢部位痛,2081,董氏奇穴治療析要,7,0,
腿冷痛,痛症,23,目錄標準詞,22,腿冷痛,第四節下肢部位痛,2180,董氏奇穴治療析要,1,0,
膝蓋痛,痛症,24,目錄標準詞,23,膝蓋痛,第四節下肢部位痛,2221,董氏奇穴治療析要,7,0,
小腿痛,痛症,25,目錄標準詞,24,小腿脹痛(痠痛),第四節下肢部位痛,2304,董氏奇穴治療析要,0,0,
腳痛,痛症,26,目錄標準詞,25,七、腳痛,第四節下肢部位痛,2331,董氏奇穴治療析要,2,1,
腳踝扭傷,痛症,27,目錄標準詞,26,腳踝扭傷,第四節下肢部位痛,2358,董氏奇穴治療析要,2,1,
腳趾痛,痛症,28,目錄標準詞,27,腳趾痛,第四節下肢部位痛,2396,董氏奇穴治療析要,2,1,
足跟痛,痛症,29,目錄標準詞,28,足跟痛,第四節下肢部位痛,2406,董氏奇穴治療析要,2,0,
四肢痛,痛症,30,目錄標準詞,29,四肢痛,第四節下肢部位痛,,董氏奇穴治療析要,2,0,
胸痛,痛症,31,目錄標準詞,30,胸乳痛；胸腹側痛；胸部打傷；胸腹部任脈線痛；胸連背痛,第五節胸腹部位痛,,董氏奇穴治療析要,0,0,
心痛,痛症,32,目錄標準詞,31,心口痛；心兩側痛,第五節胸腹部位痛,,董氏奇穴治療析要,0,0,
脅痛,痛症,33,目錄標準詞,37,脅肋痛,第五節胸腹部位痛,2659,董氏奇穴治療析要,0,0,
胃痛,痛症,34,目錄標準詞,38,胃痛,第五節胸腹部位痛,2705,董氏奇穴治療析要,3,0,
腹痛,痛症,35,目錄標準詞,39,腹痛,第五節胸腹部位痛,2758,董氏奇穴治療析要,2,1,
臍周痛,痛症,36,目錄標準詞,40,肚臍周圍痛,第五節胸腹部位痛,2811,董氏奇穴治療析要,0,0,
腹中絞痛,痛症,37,目錄標準詞,41,腹中絞痛(絞腸痧),第五節胸腹部位痛,,董氏奇穴治療析要,0,0,
小腹痛,痛症,38,目錄標準詞,42,小腹痛,第五節胸腹部位痛,2851,董氏奇穴治療析要,2,0,
下腹脹痛,痛症,39,目錄標準詞,43,下腹脹痛,第五節胸腹部位痛,2883,董氏奇穴治療析要,1,0,
背痛,痛症,40,目錄標準詞,44,背痛,第六節腰背部位痛,,董氏奇穴治療析要,5,1,
肩背痛,痛症,41,目錄標準詞,45,肩背痛,第六節腰背部位痛,,董氏奇穴治療析要,2,1,
下背痛,痛症,42,目錄標準詞,46,背連下腿痛,第六節腰背部位痛,2985,董氏奇穴治療析要,0,0,
脊椎中央痛,痛症,43,目錄標準詞,47,脊椎中央痛,第六節腰背部位痛,2998,董氏奇穴治療析要,1,1,
脊椎壓痛,痛症,44,目錄標準詞,48,脊椎壓痛,第六節腰背部位痛,3030,董氏奇穴治療析要,1,1,
脊椎扭挫傷,痛症,45,目錄標準詞,49,脊椎扭挫傷(脊椎骨閃痛),第六節腰背部位痛,,董氏奇穴治療析要,0,0,
慢性腰痛,痛症,46,目錄標準詞,50,腰痛(慢性腰痛),第六節腰背部位痛,3098,董氏奇穴治療析要,1,1,
腎虛腰痛,痛症,47,目錄標準詞,51,腎虛腰痛,第六節腰背部位痛,3168,董氏奇穴治療析要,1,1,
閃腰盆氣,痛症,48,目錄標準詞,52,閃腰盆氣,第六節腰背部位痛,3216,董氏奇穴治療析要,0,0,
尾椎痛,痛症,49,目錄標準詞,53,尾椎痛,第六節腰背部位痛,3272,董氏奇穴治療析要,2,1,
感冒,內科,50,目錄標準詞,54,感冒,第一節肺系疾病,3320,董氏奇穴治療析要,6,1,
發燒,內科,51,目錄標準詞,55,高熱,第一節肺系疾病,3416,董氏奇穴治療析要,0,0,
咳嗽,內科,52,目錄標準詞,56,咳嗽(支氣管炎),第一節肺系疾病,3457,董氏奇穴治療析要,2,0,
氣喘,內科,53,目錄標準詞,57,氣喘,第一節肺系疾病,3526,董氏奇穴治療析要,7,1,
肺炎,內科,54,目錄標準詞,58,肺炎,第一節肺系疾病,3599,董氏奇穴治療析要,3,1,
心臟病,內科,55,目錄標準詞,59,心臟病(冠心病),第二節心系疾病(附血液病),,董氏奇穴治療析要,5,0,
心臟麻痺,內科,56,目錄標準詞,60,心臟麻痺,第二節心系疾病(附血液病),3688,董氏奇穴治療析要,1,0,
真心痛,內科,57,目錄標準詞,61,真心痛,第二節心系疾病(附血液病),3737,董氏奇穴治療析要,0,0,
胸悶,內科,58,目錄標準詞,62,胸悶,第二節心系疾病(附血液病),,董氏奇穴治療析要,1,0,
心悸,內科,59,目錄標準詞,63,心悸,第二節心系疾病(附血液病),3807,董氏奇穴治療析要,1,0,
心律不整,內科,60,目錄標準詞,64,心律失常,第二節心系疾病(附血液病),3860,董氏奇穴治療析要,0,0,
病毒性心肌炎,內科,61,目錄標準詞,65,病毒性心肌炎,第二節心系疾病(附血液病),3891,董氏奇穴治療析要,1,1,
心臟血管硬化,內科,62,目錄標準詞,66,心臟血管硬化,第二節心系疾病(附血液病),3934,董氏奇穴治療析要,1,0,
白血球過少,內科,63,目錄標準詞,67,白細胞過少,第二節心系疾病(附血液病),3973,董氏奇穴治療析要,0,0,
白血球過多,內科,64,目錄標準詞,68,白細胞過多,第二節心系疾病(附血液病),,董氏奇穴治療析要,0,0,
貧血,內科,65,目錄標準詞,69,貧血,第二節心系疾病(附血液病),4028,董氏奇穴治療析要,2,1,
其他血液病,內科,66,目錄標準詞,70,其他血液病,第二節心系疾病(附血液病),4059,董氏奇穴治療析要,1,1,
胃病,內科,67,目錄標準詞,71,胃病,第三節脾胃病,,董氏奇穴治療析要,0,0,
胃炎,內科,68,目錄標準詞,72,胃炎,第三節脾胃病,4124,董氏奇穴治療析要,1,0,
胃酸過多,內科,69,目錄標準詞,73,胃酸過多,第三節脾胃病,,董氏奇穴治療析要,1,0,
消化性潰瘍,內科,70,目錄標準詞,74,消化性潰瘍(胃、十二指腸潰瘍),第三節脾胃病,4226,董氏奇穴治療析要,0,0,
嘔吐,內科,71,目錄標準詞,75,嘔吐,第三節脾胃病,4251,董氏奇穴治療析要,3,1,
食慾不振,內科,72,目錄標準詞,76,食慾不振,第三節脾胃病,4318,董氏奇穴治療析要,2,1,
急性腸胃炎,內科,73,目錄標準詞,77,急性腸胃炎,第三節脾胃病,4332,董氏奇穴治療析要,2,1,
黃疸,內科,74,目錄標準詞,78,黃疸,第四節肝膽病,4382,董氏奇穴治療析要,1,1,
肝炎,內科,75,目錄標準詞,79,肝炎,第四節肝膽病,,董氏奇穴治療析要,1,1,
肝硬化,內科,76,目錄標準詞,80,肝硬化,第四節肝膽病,4475,董氏奇穴治療析要,2,1,
膽囊炎,內科,77,目錄標準詞,81,膽囊炎,第四節肝膽病,4506,董氏奇穴治療析要,4,1,
膽結石,內科,78,目錄標準詞,82,膽石症,第四節肝膽病,4545,董氏奇穴治療析要,1,0,
脾腫大,內科,79,目錄標準詞,83,脾腫大,第四節肝膽病,4588,董氏奇穴治療析要,3,1,
腎炎,內科,80,目錄標準詞,84,腎炎,第五節腎、膀胱病,4627,董氏奇穴治療析要,1,1,
四肢浮腫,內科,81,目錄標準詞,85,四肢浮腫,第五節腎、膀胱病,,董氏奇穴治療析要,1,0,
腎結石,內科,82,目錄標準詞,86,腎結石,第五節腎、膀胱病,4740,董氏奇穴治療析要,2,1,
膀胱結石,內科,83,目錄標準詞,87,膀胱結石,第五節腎、膀胱病,4774,董氏奇穴治療析要,2,1,
尿道結石,內科,84,目錄標準詞,88,尿道結石,第五節腎、膀胱病,4807,董氏奇穴治療析要,2,1,
小便癃閉,內科,85,目錄標準詞,89,小便癃閉(尿滯留),第五節腎、膀胱病,4837,董氏奇穴治療析要,0,0,
尿滯留,內科,86,目錄標準詞,89,小便癃閉(尿滯留),第五節腎、膀胱病,4837,董氏奇穴治療析要,0,0,
小便不利,內科,87,目錄標準詞,90,小便不利(膀胱炎、尿道炎),第五節腎、膀胱病,4878,董氏奇穴治療析要,0,0,
膀胱炎,內科,88,目錄標準詞,90,小便不利(膀胱炎、尿道炎),第五節腎、膀胱病,4878,董氏奇穴治療析要,0,0,
尿道炎,內科,89,目錄標準詞,90,小便不利(膀胱炎、尿道炎),第五節腎、膀胱病,4878,董氏奇穴治療析要,1,0,
尿意頻數,內科,90,目錄標準詞,91,尿意頻數,第五節腎、膀胱病,,董氏奇穴治療析要,2,1,
淋病,內科,91,目錄標準詞,92,淋病,第五節腎、膀胱病,,董氏奇穴治療析要,2,1,
小便出血,內科,92,目錄標準詞,93,小便出血,第五節腎、膀胱病,4999,董氏奇穴治療析要,0,0,
急性腹瀉,內科,93,目錄標準詞,94,急性腹瀉,第六節大小腸病,5030,董氏奇穴治療析要,2,1,
慢性腹瀉,內科,94,目錄標準詞,95,慢性腹瀉,第六節大小腸病,,董氏奇穴治療析要,2,1,
小腹脹,內科,95,目錄標準詞,96,小腹脹,第六節大小腸病,5128,董氏奇穴治療析要,1,0,
便秘,內科,96,目錄標準詞,97,便秘,第六節大小腸病,5175,董氏奇穴治療析要,2,1,
闌尾炎,內科,97,目錄標準詞,98,闌尾炎,第六節大小腸病,5207,董氏奇穴治療析要,2,1,
疝氣,內科,98,目錄標準詞,99,小腸疝氣,第六節大小腸病,5242,董氏奇穴治療析要,2,0,
睪丸炎,內科,99,目錄標準詞,100,睪丸炎,第七節前後陰病,,董氏奇穴治療析要,2,1,
遺精,內科,100,目錄標準詞,101,遺精,第七節前後陰病,5306,董氏奇穴治療析要,1,0,
陽痿,內科,101,目錄標準詞,102,陽痿、早洩(男子性功能障礙),第七節前後陰病,5335,董氏奇穴治療析要,1,0,
早洩,內科,102,目錄標準詞,102,陽痿、早洩(男子性功能障礙),第七節前後陰病,5335,董氏奇穴治療析要,1,0,
失眠,內科,103,目錄標準詞,103,失眠症,第八節神志病,,董氏奇穴治療析要,5,0,
癲癇,內科,104,目錄標準詞,104,癲癇,第八節神志病,,董氏奇穴治療析要,2,1,
精神病,內科,105,目錄標準詞,105,精神病,第八節神志病,,董氏奇穴治療析要,2,1,
高血壓,內科,106,目錄標準詞,106,高血壓,第九節雜症,5505,董氏奇穴治療析要,2,1,
中風,內科,107,目錄標準詞,107,中風昏迷症,第九節雜症,5566,董氏奇穴治療析要,0,0,
中風後遺症,內科,108,目錄標準詞,108,半身不遂(中風後遺症),第九節雜症,5589,董氏奇穴治療析要,0,0,
中風失語症,內科,109,目錄標準詞,109,中風舌強不語(失語症),第九節雜症,5661,董氏奇穴治療析要,0,0,
中風痙攣,內科,110,目錄標準詞,110,中風手拘攣(痙攣),第九節雜症,,董氏奇穴治療析要,0,0,
帕金森症,內科,111,目錄標準詞,111,四肢發抖(帕金森症),第九節雜症,,董氏奇穴治療析要,0,0,
糖尿病,內科,112,目錄標準詞,112,糖尿病,第九節雜症,5762,董氏奇穴治療析要,3,0,
眩暈,頭面頸,113,目錄標準詞,113,暈眩,第一節頭部,5807,董氏奇穴治療析要,1,0,
神經衰弱,頭面頸,114,目錄標準詞,114,神經衰弱,第一節頭部,,董氏奇穴治療析要,2,1,
腦膜炎,頭面頸,115,目錄標準詞,115,腦膜炎,第一節頭部,5906,董氏奇穴治療析要,2,1,
腦瘤,頭面頸,116,目錄標準詞,116,腦瘤,第一節頭部,5935,董氏奇穴治療析要,2,1,
腦積水,頭面頸,117,目錄標準詞,117,腦積水,第一節頭部,5961,董氏奇穴治療析要,2,1,
面神經麻痺,頭面頸,118,目錄標準詞,118,口歪眼斜,第二節顏面疾病,5987,董氏奇穴治療析要,0,0,
面癱,頭面頸,119,目錄標準詞,118,口歪眼斜,第二節顏面疾病,5987,董氏奇穴治療析要,0,0,
面麻,頭面頸,120,目錄標準詞,119,面麻,第二節顏面疾病,6075,董氏奇穴治療析要,2,1,
顏面神經抽搐,頭面頸,121,目錄標準詞,120,顏面神經抽掣(痙攣及震顫),第二節顏面疾病,6088,董氏奇穴治療析要,0,0,
瘰癧,頭面頸,122,目錄標準詞,121,瘰癧,第三節頸項疾病,,董氏奇穴治療析要,4,1,
甲狀腺腫大,頭面頸,123,目錄標準詞,122,甲狀腺腫大,第三節頸項疾病,,董氏奇穴治療析要,2,1,
甲狀腺眼突,頭面頸,124,目錄標準詞,123,甲狀腺眼突,第三節頸項疾病,,董氏奇穴治療析要,2,1,
頸項皮膚病,頭面頸,125,目錄標準詞,124,頸項皮膚病,第三節頸項疾病,,董氏奇穴治療析要,2,1,
痄腮,頭面頸,126,目錄標準詞,125,痄腮(腮腺炎),第三節頸項疾病,,董氏奇穴治療析要,0,0,
視力模糊,五官科,127,目錄標準詞,126,視力模糊,第一節眼病,6244,董氏奇穴治療析要,2,1,
麥粒腫,五官科,128,目錄標準詞,127,麥粒腫,第一節眼病,6274,董氏奇穴治療析要,3,1,
結膜炎,五官科,129,目錄標準詞,128,目赤(結膜炎、角膜炎),第一節眼病,6298,董氏奇穴治療析要,1,0,
角膜炎,五官科,130,目錄標準詞,128,目赤(結膜炎、角膜炎),第一節眼病,6298,董氏奇穴治療析要,1,1,
乾眼,五官科,131,目錄標準詞,129,目乾澀(乾眼症),第一節眼病,6369,董氏奇穴治療析要,0,0,
溢淚,五官科,132,目錄標準詞,130,溢淚(迎風流淚),第一節眼病,6390,董氏奇穴治療析要,0,0,
眼瞼下垂,五官科,133,目錄標準詞,131,兩眼睜不開(上瞼下垂),第一節眼病,6423,董氏奇穴治療析要,0,0,
散光,五官科,134,目錄標準詞,132,散光,第一節眼病,6468,董氏奇穴治療析要,1,1,
眼球歪斜,五官科,135,目錄標準詞,133,眼球歪斜及複視,第一節眼病,,董氏奇穴治療析要,0,0,
複視,五官科,136,目錄標準詞,133,眼球歪斜及複視,第一節眼病,,董氏奇穴治療析要,0,0,
青光眼,五官科,137,目錄標準詞,134,青光眼,第一節眼病,,董氏奇穴治療析要,2,1,
飛蚊症,五官科,138,目錄標準詞,135,飛蚊症,第一節眼病,6541,董氏奇穴治療析要,2,1,
其他眼病,五官科,139,目錄標準詞,136,其他眼病,第一節眼病,6559,董氏奇穴治療析要,1,1,
頭痛,痛症,140,目錄標準詞,999,頭痛,,,人工校訂,0,0,
鼻乾及流涕,五官科,140,目錄標準詞,137,鼻乾及流涕,第二節鼻病,6594,董氏奇穴治療析要,0,0,
鼻塞,五官科,141,目錄標準詞,138,鼻塞,第二節鼻病,6609,董氏奇穴治療析要,3,1,
過敏性鼻炎,五官科,142,目錄標準詞,139,過敏性鼻炎,第二節鼻病,6668,董氏奇穴治療析要,1,0,
鼻淵,五官科,143,目錄標準詞,140,鼻蓄膿症(鼻淵、鼻涕倒流),第二節鼻病,6699,董氏奇穴治療析要,0,0,
鼻涕倒流,五官科,144,目錄標準詞,140,鼻蓄膿症(鼻淵、鼻涕倒流),第二節鼻病,6699,董氏奇穴治療析要,0,0,
酒渣鼻,五官科,145,目錄標準詞,141,酒渣鼻,第二節鼻病,6719,董氏奇穴治療析要,2,1,
流鼻血,五官科,146,目錄標準詞,142,流鼻血(鼻衄),第二節鼻病,6730,董氏奇穴治療析要,0,0,
鼻衄,五官科,147,目錄標準詞,142,流鼻血(鼻衄),第二節鼻病,6730,董氏奇穴治療析要,0,0,
中耳炎,五官科,148,目錄標準詞,143,中耳炎,第三節耳病,6769,董氏奇穴治療析要,0,0,
耳脹,五官科,149,目錄標準詞,144,耳內脹,第三節耳病,6788,董氏奇穴治療析要,0,0,
耳鳴,五官科,150,目錄標準詞,145,耳鳴,第三節耳病,6802,董氏奇穴治療析要,2,1,
聾啞,五官科,151,目錄標準詞,146,聾啞,第三節耳病,6850,董氏奇穴治療析要,2,1,
顳頜關節紊亂,五官科,152,目錄標準詞,147,下頜骨痛(口不能張、顳頜關節紊亂症),第四節口齒疾病,6872,董氏奇穴治療析要,0,0,
舌下腫,五官科,153,目錄標準詞,148,舌下腫,第四節口齒疾病,6915,董氏奇穴治療析要,1,1,
口瘡,五官科,154,目錄標準詞,149,口內生瘡(口腔潰瘍),第四節口齒疾病,6930,董氏奇穴治療析要,1,0,
牙痛,五官科,155,目錄標準詞,150,牙痛,第四節口齒疾病,6967,董氏奇穴治療析要,1,0,
喉痛,五官科,156,目錄標準詞,151,喉痛(喉炎),第五節咽喉疾病,7031,董氏奇穴治療析要,0,0,
喉炎,五官科,157,目錄標準詞,151,喉痛(喉炎),第五節咽喉疾病,7031,董氏奇穴治療析要,0,0,
魚骨刺喉,五官科,158,目錄標準詞,152,魚骨刺喉,第五節咽喉疾病,7088,董氏奇穴治療析要,1,0,
梅核氣,五官科,159,目錄標準詞,153,梅核氣,第五節咽喉疾病,7118,董氏奇穴治療析要,2,1,
失音,五官科,160,目錄標準詞,154,失音,第五節咽喉疾病,7137,董氏奇穴治療析要,1,1,
經痛,婦兒科,161,目錄標準詞,155,痛經,第一節婦科病,7176,董氏奇穴治療析要,0,0,
崩漏,婦兒科,162,目錄標準詞,156,崩漏,第一節婦科病,7228,董氏奇穴治療析要,3,1,
月經不調,婦兒科,163,目錄標準詞,157,月經不調及閉經,第一節婦科病,7255,董氏奇穴治療析要,1,0,
赤白帶,婦兒科,164,目錄標準詞,158,赤白帶,第一節婦科病,7316,董氏奇穴治療析要,2,1,
陰腫,婦兒科,165,目錄標準詞,159,陰腫,第一節婦科病,7362,董氏奇穴治療析要,1,0,
子宮炎,婦兒科,166,目錄標準詞,160,子宮炎(陰道炎),第一節婦科病,,董氏奇穴治療析要,1,0,
陰道炎,婦兒科,167,目錄標準詞,160,子宮炎(陰道炎),第一節婦科病,,董氏奇穴治療析要,0,0,
子宮肌瘤,婦兒科,168,目錄標準詞,161,子宮肌瘤,第一節婦科病,7423,董氏奇穴治療析要,2,0,
輸卵管不通,婦兒科,169,目錄標準詞,162,輸卵管不通,第一節婦科病,,董氏奇穴治療析要,3,1,
久年不孕,婦兒科,170,目錄標準詞,163,久年不孕,第一節婦科病,7494,董氏奇穴治療析要,3,1,
難產,婦兒科,171,目錄標準詞,164,難產,第一節婦科病,7566,董氏奇穴治療析要,2,1,
兒科,婦兒科,172,目錄標準詞,165,兒科,第二節兒科,,董氏奇穴治療析要,0,0,
皮膚病,皮膚外科,173,目錄標準詞,166,皮膚病,皮膚外科,7653,董氏奇穴治療析要,1,1,
皮膚敏感,皮膚外科,174,目錄標準詞,167,皮膚敏感,皮膚外科,7680,董氏奇穴治療析要,2,1,
牛皮癬,皮膚外科,175,目錄標準詞,168,牛皮癬,皮膚外科,7703,董氏奇穴治療析要,2,1,
青春痘,皮膚外科,176,目錄標準詞,169,青春痘,皮膚外科,7734,董氏奇穴治療析要,3,1,
蕁麻疹,皮膚外科,177,目錄標準詞,170,風疹塊(蕁麻疹),皮膚外科,7756,董氏奇穴治療析要,4,0,
風疹,皮膚外科,178,目錄標準詞,170,風疹塊(蕁麻疹),皮膚外科,7756,董氏奇穴治療析要,0,0,
溼疹,皮膚外科,179,目錄標準詞,171,溼疹,皮膚外科,7793,董氏奇穴治療析要,2,1,
異位性皮炎,皮膚外科,180,目錄標準詞,172,異位性皮炎,皮膚外科,7834,董氏奇穴治療析要,1,0,
其他皮膚病,皮膚外科,181,目錄標準詞,173,其他皮膚病,皮膚外科,7864,董氏奇穴治療析要,0,0,
痔瘡,皮膚外科,182,目錄標準詞,174,痔瘡,皮膚外科,7892,董氏奇穴治療析要,0,0,
手指麻,其他疾病,183,目錄標準詞,175,手指麻,第一節四肢軀幹,,董氏奇穴治療析要,0,0,
手抽筋,其他疾病,184,目錄標準詞,177,手抽筋,第一節四肢軀幹,8028,董氏奇穴治療析要,2,1,
兩手拘攣,其他疾病,185,目錄標準詞,178,兩手拘攣,第一節四肢軀幹,8051,董氏奇穴治療析要,2,1,
腳抽筋,其他疾病,186,目錄標準詞,179,腳抽筋,第一節四肢軀幹,,董氏奇穴治療析要,1,0,
腳痠軟脹,其他疾病,187,目錄標準詞,180,腳痠軟、發脹,第一節四肢軀幹,,董氏奇穴治療析要,0,0,
腿無力,其他疾病,188,目錄標準詞,181,腿軟無力,第一節四肢軀幹,8146,董氏奇穴治療析要,0,0,
腳趾麻,其他疾病,189,目錄標準詞,183,腳趾麻,第一節四肢軀幹,8195,董氏奇穴治療析要,2,1,
手腳麻及麻痺,其他疾病,190,目錄標準詞,184,手腳麻及麻痺,第一節四肢軀幹,8215,董氏奇穴治療析要,1,1,
四肢顫抖,其他疾病,191,目錄標準詞,185,四肢顫抖,第一節四肢軀幹,8241,董氏奇穴治療析要,2,0,
脊椎側彎,其他疾病,192,目錄標準詞,187,脊椎畸形(脊柱側彎),第二節腰背病,,董氏奇穴治療析要,0,0,
脊椎骨刺,其他疾病,193,目錄標準詞,188,脊椎骨刺,第二節腰背病,8335,董氏奇穴治療析要,1,1,
酒醉,其他疾病,194,目錄標準詞,189,酒醉,第三節其他,,董氏奇穴治療析要,1,1,
解暈針,其他疾病,195,目錄標準詞,190,解暈針,第三節其他,8408,董氏奇穴治療析要,1,1,
解氣血錯亂,其他疾病,196,目錄標準詞,191,解氣血錯亂,第三節其他,8433,董氏奇穴治療析要,1,1,
昏迷,其他疾病,197,目錄標準詞,192,昏迷,第三節其他,8458,董氏奇穴治療析要,2,1,
脂肪瘤,其他疾病,198,目錄標準詞,193,脂肪瘤,第三節其他,8478,董氏奇穴治療析要,1,0,
磨牙,其他疾病,199,目錄標準詞,194,睡眠中咬牙,第三節其他,8518,董氏奇穴治療析要,0,0,
疲勞,其他疾病,200,目錄標準詞,195,疲勞,第三節其他,,董氏奇穴治療析要,1,1,
解毒,其他疾病,201,目錄標準詞,196,解毒,第三節其他,8587,董氏奇穴治療析要,1,1,
